This is pdfTeX, Version 3.141592653-2.6-1.40.29 (TeX Live 2026) (preloaded format=pdflatex 2026.5.8)  15 SEP 2026 00:02
entering extended mode
 restricted \write18 enabled.
 %&-line parsing enabled.
**ClassicThesis.tex
(./ClassicThesis.tex
LaTeX2e <2025-11-01>
L3 programming layer <2026-01-19>
(/usr/local/texlive/2026/texmf-dist/tex/latex/silence/silence.sty
Package: silence 2012/07/02 v1.5b Selective filtering of warnings and error mes
sages
\sl@Save=\count275
\sl@StateNumber=\count276
\sl@MessageCount=\count277
\sl@Casualties=\count278
\sl@Filter=\toks17
\sl@Message=\toks18
\sl@UnexpandedMessage=\toks19
\sl@Mess@ge=\toks20
\sl@WarningCount=\count279
\sl@WarningNumber=\count280
\sl@WarningCasualties=\count281
\sl@TempBOW=\toks21
\sl@BankOfWarnings=\toks22
LaTeX Info: Redefining \GenericWarning on input line 433.
\sl@ErrorCount=\count282
\sl@ErrorNumber=\count283
\sl@ErrorCasualties=\count284
\sl@TempBOE=\toks23
\sl@BankOfErrors=\toks24
LaTeX Info: Redefining \GenericError on input line 601.
)
(/usr/local/texlive/2026/texmf-dist/tex/latex/koma-script/scrreprt.cls
Document Class: scrreprt 2026/02/02 v3.49.2 KOMA-Script document class (report)

(/usr/local/texlive/2026/texmf-dist/tex/latex/koma-script/scrkbase.sty
Package: scrkbase 2026/02/02 v3.49.2 KOMA-Script package (KOMA-Script-dependent
 basics and keyval usage)

(/usr/local/texlive/2026/texmf-dist/tex/latex/koma-script/scrbase.sty
Package: scrbase 2026/02/02 v3.49.2 KOMA-Script package (KOMA-Script-independen
t basics and keyval usage)

(/usr/local/texlive/2026/texmf-dist/tex/latex/koma-script/scrlfile.sty
Package: scrlfile 2026/02/02 v3.49.2 KOMA-Script package (file load hooks)

(/usr/local/texlive/2026/texmf-dist/tex/latex/koma-script/scrlfile-hook.sty
Package: scrlfile-hook 2026/02/02 v3.49.2 KOMA-Script package (using LaTeX hook
s)

(/usr/local/texlive/2026/texmf-dist/tex/latex/koma-script/scrlogo.sty
Package: scrlogo 2026/02/02 v3.49.2 KOMA-Script package (logo)
)))
(/usr/local/texlive/2026/texmf-dist/tex/latex/graphics/keyval.sty
Package: keyval 2022/05/29 v1.15 key=value parser (DPC)
\KV@toks@=\toks25
)
Applying: [2021/05/01] Usage of raw or classic option list on input line 254.
Already applied: [0000/00/00] Usage of raw or classic option list on input line
 370.
))
(/usr/local/texlive/2026/texmf-dist/tex/latex/koma-script/tocbasic.sty
Package: tocbasic 2026/02/02 v3.49.2 KOMA-Script package (handling toc-files)
\scr@dte@tocline@numberwidth=\skip49
\scr@dte@tocline@numbox=\box53
)
Package tocbasic Info: omitting babel extension for `toc'
(tocbasic)             because of feature `nobabel' available
(tocbasic)             for `toc' on input line 143.
Class scrreprt Info: You've used standard option `openright'.
(scrreprt)           This is correct!
(scrreprt)           Internally I'm using `open=right'.
(scrreprt)           If you'd like to set the option with \KOMAoptions,
(scrreprt)           you'd have to use `open=right' there
(scrreprt)           instead of `openright', too.
Class scrreprt Info: File `scrsize11pt.clo' used to setup font sizes on input l
ine 2710.

(/usr/local/texlive/2026/texmf-dist/tex/latex/koma-script/scrsize11pt.clo
File: scrsize11pt.clo 2026/02/02 v3.49.2 KOMA-Script font size class option (11
pt)
)
(/usr/local/texlive/2026/texmf-dist/tex/latex/koma-script/typearea.sty
Package: typearea 2026/02/02 v3.49.2 KOMA-Script package (type area)
\ta@bcor=\skip50
\ta@div=\count285
\ta@hblk=\skip51
\ta@vblk=\skip52
\ta@temp=\skip53
\footheight=\skip54
Package typearea Info: These are the values describing the layout:
(typearea)             DIV  = 10
(typearea)             BCOR = 14.22636pt
(typearea)             \paperwidth      = 597.50793pt
(typearea)              \textwidth      = 408.2971pt
(typearea)              DIV departure   = -3%
(typearea)              \evensidemargin = 44.38632pt
(typearea)              \oddsidemargin  = 0.28453pt
(typearea)             \paperheight     = 845.04694pt
(typearea)              \textheight     = 514.20023pt
(typearea)              \topmargin      = 12.2347pt
(typearea)              \headheight     = 17.0pt
(typearea)              \headsep        = 20.40001pt
(typearea)              \topskip        = 11.0pt
(typearea)              \footskip       = 47.6pt
(typearea)              \baselineskip   = 13.6pt
(typearea)              on input line 1810.
)
\c@part=\count286
\c@chapter=\count287
\c@section=\count288
\c@subsection=\count289
\c@subsubsection=\count290
\c@paragraph=\count291
\c@subparagraph=\count292
\scr@dte@chapter@maxnumwidth=\skip55
Class scrreprt Info: using compatibility default `afterindent=bysign'
(scrreprt)           for `\chapter on input line 5934.
\scr@dte@section@maxnumwidth=\skip56
Class scrreprt Info: using compatibility default `runin=bysign'
(scrreprt)           for `\section on input line 5945.
Class scrreprt Info: using compatibility default `afterindent=bysign'
(scrreprt)           for `\section on input line 5945.
\scr@dte@part@maxnumwidth=\skip57
Class scrreprt Info: using compatibility default `afterindent=true'
(scrreprt)           for `\part on input line 5954.
\scr@dte@subsection@maxnumwidth=\skip58
Class scrreprt Info: using compatibility default `runin=bysign'
(scrreprt)           for `\subsection on input line 5964.
Class scrreprt Info: using compatibility default `afterindent=bysign'
(scrreprt)           for `\subsection on input line 5964.
\scr@dte@subsubsection@maxnumwidth=\skip59
Class scrreprt Info: using compatibility default `runin=bysign'
(scrreprt)           for `\subsubsection on input line 5974.
Class scrreprt Info: using compatibility default `afterindent=bysign'
(scrreprt)           for `\subsubsection on input line 5974.
\scr@dte@paragraph@maxnumwidth=\skip60
Class scrreprt Info: using compatibility default `runin=bysign'
(scrreprt)           for `\paragraph on input line 5985.
Class scrreprt Info: using compatibility default `afterindent=bysign'
(scrreprt)           for `\paragraph on input line 5985.
\scr@dte@subparagraph@maxnumwidth=\skip61
Class scrreprt Info: using compatibility default `runin=bysign'
(scrreprt)           for `\subparagraph on input line 5995.
Class scrreprt Info: using compatibility default `afterindent=bysign'
(scrreprt)           for `\subparagraph on input line 5995.
\abovecaptionskip=\skip62
\belowcaptionskip=\skip63
\c@pti@nb@sid@b@x=\box54
Package tocbasic Info: omitting babel extension for `lof'
(tocbasic)             because of feature `nobabel' available
(tocbasic)             for `lof' on input line 7225.
\scr@dte@figure@maxnumwidth=\skip64
\c@figure=\count293
Package tocbasic Info: omitting babel extension for `lot'
(tocbasic)             because of feature `nobabel' available
(tocbasic)             for `lot' on input line 7238.
\scr@dte@table@maxnumwidth=\skip65
\c@table=\count294
Class scrreprt Info: Redefining `\numberline' on input line 7409.
\bibindent=\dimen148
)
(./classicthesis-config.tex
(/usr/local/texlive/2026/texmf-dist/tex/latex/base/inputenc.sty
Package: inputenc 2024/02/08 v1.3d Input encoding file
\inpenc@prehook=\toks26
\inpenc@posthook=\toks27
)
(/usr/local/texlive/2026/texmf-dist/tex/latex/base/fontenc.sty
Package: fontenc 2025/07/18 v2.1d Standard LaTeX package
)
(/usr/local/texlive/2026/texmf-dist/tex/generic/babel/babel.sty
Package: babel 2026/03/08 v26.4 The multilingual framework for LuaLaTeX, pdfLaT
eX and XeLaTeX
\babel@savecnt=\count295
LaTeX Encoding Info:    Redeclaring text command \ij (encoding OT1) on input li
ne 2078.
LaTeX Encoding Info:    Redeclaring text command \IJ (encoding OT1) on input li
ne 2080.
LaTeX Encoding Info:    Redeclaring text command \ij (encoding T1) on input lin
e 2082.
LaTeX Encoding Info:    Redeclaring text command \IJ (encoding T1) on input lin
e 2083.
LaTeX Encoding Info:    Ignoring declaration for text command \ij (encoding ?) 
on input line 2084.
LaTeX Encoding Info:    Ignoring declaration for text command \IJ (encoding ?) 
on input line 2086.
LaTeX Encoding Info:    Ignoring declaration for text command \SS (encoding ?) 
on input line 2111.
\U@D=\dimen149
\l@unhyphenated=\language91

(/usr/local/texlive/2026/texmf-dist/tex/generic/babel/txtbabel.def)
\bbl@readstream=\read2
\bbl@dirlevel=\count296

(/usr/local/texlive/2026/texmf-dist/tex/generic/babel/locale/invalid/babel-nger
man.tex)
(/usr/local/texlive/2026/texmf-dist/tex/generic/babel/locale/en/babel-american.
tex)
Package babel Info: Importing font and identification data for ngerman
(babel)             from babel-de.ini. Reported on input line 4330.
 (/usr/local/texlive/2026/texmf-dist/tex/generic/babel-german/ngerman.ldf
Language: ngerman 

(/usr/local/texlive/2026/texmf-dist/tex/generic/babel-german/babel-german.def
Package babel Info: Making " an active character on input line 496.
))
Package babel Info: Importing font and identification data for american
(babel)             from babel-en-US.ini. Reported on input line 4330.
(/usr/local/texlive/2026/texmf-dist/tex/generic/babel-english/american.ldf
Language: american 2017/06/06 v3.3r English support from the babel system

(/usr/local/texlive/2026/texmf-dist/tex/generic/babel-english/english.ldf
Language: english 2017/06/06 v3.3r English support from the babel system
Package babel Info: Hyphen rules for 'canadian' set to \l@english
(babel)             (\language0). Reported on input line 102.
Package babel Info: Hyphen rules for 'australian' set to \l@ukenglish
(babel)             (\language22). Reported on input line 105.
Package babel Info: Hyphen rules for 'newzealand' set to \l@ukenglish
(babel)             (\language22). Reported on input line 108.
)))
(/usr/local/texlive/2026/texmf-dist/tex/latex/csquotes/csquotes.sty
Package: csquotes 2024-04-04 v5.2o context-sensitive quotations (JAW)

(/usr/local/texlive/2026/texmf-dist/tex/latex/etoolbox/etoolbox.sty
Package: etoolbox 2025/10/02 v2.5m e-TeX tools for LaTeX (JAW)
\etb@tempcnta=\count297
)
\csq@reset=\count298
\csq@gtype=\count299
\csq@glevel=\count300
\csq@qlevel=\count301
\csq@maxlvl=\count302
\csq@tshold=\count303
\csq@ltx@everypar=\toks28

(/usr/local/texlive/2026/texmf-dist/tex/latex/csquotes/csquotes.def
File: csquotes.def 2024-04-04 v5.2o csquotes generic definitions (JAW)
)
Package csquotes Info: Trying to load configuration file 'csquotes.cfg'...
Package csquotes Info: ... configuration file loaded successfully.

(/usr/local/texlive/2026/texmf-dist/tex/latex/csquotes/csquotes.cfg
File: csquotes.cfg 
))
(/usr/local/texlive/2026/texmf-dist/tex/latex/biblatex/biblatex.sty
Package: biblatex 2025/07/10 v3.21 programmable bibliographies (PK/MW)

(/usr/local/texlive/2026/texmf-dist/tex/generic/pdftexcmds/pdftexcmds.sty
Package: pdftexcmds 2020-06-27 v0.33 Utility functions of pdfTeX for LuaTeX (HO
)

(/usr/local/texlive/2026/texmf-dist/tex/generic/infwarerr/infwarerr.sty
Package: infwarerr 2019/12/03 v1.5 Providing info/warning/error messages (HO)
)
(/usr/local/texlive/2026/texmf-dist/tex/generic/iftex/iftex.sty
Package: iftex 2024/12/12 v1.0g TeX engine tests
)
(/usr/local/texlive/2026/texmf-dist/tex/generic/ltxcmds/ltxcmds.sty
Package: ltxcmds 2023-12-04 v1.26 LaTeX kernel commands for general use (HO)
)
Package pdftexcmds Info: \pdf@primitive is available.
Package pdftexcmds Info: \pdf@ifprimitive is available.
Package pdftexcmds Info: \pdfdraftmode found.
)
(/usr/local/texlive/2026/texmf-dist/tex/latex/kvoptions/kvoptions.sty
Package: kvoptions 2022-06-15 v3.15 Key value format for package options (HO)

(/usr/local/texlive/2026/texmf-dist/tex/latex/kvsetkeys/kvsetkeys.sty
Package: kvsetkeys 2022-10-05 v1.19 Key value parser (HO)
))
(/usr/local/texlive/2026/texmf-dist/tex/latex/logreq/logreq.sty
Package: logreq 2010/08/04 v1.0 xml request logger
\lrq@indent=\count304

(/usr/local/texlive/2026/texmf-dist/tex/latex/logreq/logreq.def
File: logreq.def 2010/08/04 v1.0 logreq spec v1.0
))
(/usr/local/texlive/2026/texmf-dist/tex/latex/base/ifthen.sty
Package: ifthen 2024/03/16 v1.1e Standard LaTeX ifthen package (DPC)
)
(/usr/local/texlive/2026/texmf-dist/tex/latex/url/url.sty
\Urlmuskip=\muskip17
Package: url 2013/09/16  ver 3.4  Verb mode for urls, etc.
)
\c@tabx@nest=\count305
\c@listtotal=\count306
\c@listcount=\count307
\c@liststart=\count308
\c@liststop=\count309
\c@citecount=\count310
\c@citetotal=\count311
\c@multicitecount=\count312
\c@multicitetotal=\count313
\c@instcount=\count314
\c@maxnames=\count315
\c@minnames=\count316
\c@maxitems=\count317
\c@minitems=\count318
\c@citecounter=\count319
\c@maxcitecounter=\count320
\c@savedcitecounter=\count321
\c@uniquelist=\count322
\c@uniquename=\count323
\c@refsection=\count324
\c@refsegment=\count325
\c@maxextratitle=\count326
\c@maxextratitleyear=\count327
\c@maxextraname=\count328
\c@maxextradate=\count329
\c@maxextraalpha=\count330
\c@abbrvpenalty=\count331
\c@highnamepenalty=\count332
\c@lownamepenalty=\count333
\c@maxparens=\count334
\c@parenlevel=\count335
\blx@tempcnta=\count336
\blx@tempcntb=\count337
\blx@tempcntc=\count338
\c@blx@maxsection=\count339
\blx@maxsegment@0=\count340
\blx@notetype=\count341
\blx@parenlevel@text=\count342
\blx@parenlevel@foot=\count343
\blx@sectionciteorder@0=\count344
\blx@sectionciteorderinternal@0=\count345
\blx@entrysetcounter=\count346
\blx@biblioinstance=\count347
\labelnumberwidth=\skip66
\labelalphawidth=\skip67
\biblabelsep=\skip68
\bibitemsep=\skip69
\bibnamesep=\skip70
\bibinitsep=\skip71
\bibparsep=\skip72
\bibhang=\skip73
\blx@bcfin=\read3
\blx@bcfout=\write3
\blx@langwohyphens=\language92
\c@mincomprange=\count348
\c@maxcomprange=\count349
\c@mincompwidth=\count350
Package biblatex Info: Trying to load biblatex default data model...
Package biblatex Info: ... file 'blx-dm.def' found.

(/usr/local/texlive/2026/texmf-dist/tex/latex/biblatex/blx-dm.def
File: blx-dm.def 2025/07/10 v3.21 biblatex datamodel (PK/MW)
)
Package biblatex Info: Trying to load biblatex style data model...
Package biblatex Info: ... file 'numeric-comp.dbx' not found.
Package biblatex Info: Trying to load biblatex custom data model...
Package biblatex Info: ... file 'biblatex-dm.cfg' not found.
\c@afterword=\count351
\c@savedafterword=\count352
\c@annotator=\count353
\c@savedannotator=\count354
\c@author=\count355
\c@savedauthor=\count356
\c@bookauthor=\count357
\c@savedbookauthor=\count358
\c@commentator=\count359
\c@savedcommentator=\count360
\c@editor=\count361
\c@savededitor=\count362
\c@editora=\count363
\c@savededitora=\count364
\c@editorb=\count365
\c@savededitorb=\count366
\c@editorc=\count367
\c@savededitorc=\count368
\c@foreword=\count369
\c@savedforeword=\count370
\c@holder=\count371
\c@savedholder=\count372
\c@introduction=\count373
\c@savedintroduction=\count374
\c@namea=\count375
\c@savednamea=\count376
\c@nameb=\count377
\c@savednameb=\count378
\c@namec=\count379
\c@savednamec=\count380
\c@translator=\count381
\c@savedtranslator=\count382
\c@shortauthor=\count383
\c@savedshortauthor=\count384
\c@shorteditor=\count385
\c@savedshorteditor=\count386
\c@labelname=\count387
\c@savedlabelname=\count388
\c@institution=\count389
\c@savedinstitution=\count390
\c@lista=\count391
\c@savedlista=\count392
\c@listb=\count393
\c@savedlistb=\count394
\c@listc=\count395
\c@savedlistc=\count396
\c@listd=\count397
\c@savedlistd=\count398
\c@liste=\count399
\c@savedliste=\count400
\c@listf=\count401
\c@savedlistf=\count402
\c@location=\count403
\c@savedlocation=\count404
\c@organization=\count405
\c@savedorganization=\count406
\c@origlocation=\count407
\c@savedoriglocation=\count408
\c@origpublisher=\count409
\c@savedorigpublisher=\count410
\c@publisher=\count411
\c@savedpublisher=\count412
\c@language=\count413
\c@savedlanguage=\count414
\c@origlanguage=\count415
\c@savedoriglanguage=\count416
\c@pageref=\count417
\c@savedpageref=\count418
\shorthandwidth=\skip74
\shortjournalwidth=\skip75
\shortserieswidth=\skip76
\shorttitlewidth=\skip77
\shortauthorwidth=\skip78
\shorteditorwidth=\skip79
\locallabelnumberwidth=\skip80
\locallabelalphawidth=\skip81
\localshorthandwidth=\skip82
\localshortjournalwidth=\skip83
\localshortserieswidth=\skip84
\localshorttitlewidth=\skip85
\localshortauthorwidth=\skip86
\localshorteditorwidth=\skip87
Package biblatex Info: Trying to load compatibility code...
Package biblatex Info: ... file 'blx-compat.def' found.

(/usr/local/texlive/2026/texmf-dist/tex/latex/biblatex/blx-compat.def
File: blx-compat.def 2025/07/10 v3.21 biblatex compatibility (PK/MW)
)
Package biblatex Info: Trying to load BibTeX backend compatibility...
Package biblatex Info: ... file 'blx-bibtex.def' found.

(/usr/local/texlive/2026/texmf-dist/tex/latex/biblatex/blx-bibtex.def
File: blx-bibtex.def 2025/07/10 v3.21 biblatex compatibility (PK/MW)


Package biblatex Warning: Using fall-back bibtex backend:
(biblatex)                functionality may be reduced/unavailable.

)
Package biblatex Info: Trying to load generic definitions...
Package biblatex Info: ... file 'biblatex.def' found.
 (/usr/local/texlive/2026/texmf-dist/tex/latex/biblatex/biblatex.def
File: biblatex.def 2025/07/10 v3.21 biblatex compatibility (PK/MW)
\c@textcitecount=\count419
\c@textcitetotal=\count420
\c@textcitemaxnames=\count421
\c@biburlbigbreakpenalty=\count422
\c@biburlbreakpenalty=\count423
\c@biburlnumpenalty=\count424
\c@biburlucpenalty=\count425
\c@biburllcpenalty=\count426
\biburlbigskip=\muskip18
\biburlnumskip=\muskip19
\biburlucskip=\muskip20
\biburllcskip=\muskip21
\c@smartand=\count427
)
Package biblatex Info: Trying to load natbib compatibility...
Package biblatex Info: ... file 'blx-natbib.def' found.

(/usr/local/texlive/2026/texmf-dist/tex/latex/biblatex/blx-natbib.def
File: blx-natbib.def 2025/07/10 v3.21 biblatex compatibility (PK/MW)
Package biblatex Info: Delimiter 'nameyeardelim' in context '' already defined,
 overwriting.
)
Package biblatex Info: Trying to load bibliography style 'numeric-comp'...
Package biblatex Info: ... file 'numeric-comp.bbx' found.

(/usr/local/texlive/2026/texmf-dist/tex/latex/biblatex/bbx/numeric-comp.bbx
File: numeric-comp.bbx 2025/07/10 v3.21 biblatex bibliography style (PK/MW)
Package biblatex Info: Trying to load bibliography style 'numeric'...
Package biblatex Info: ... file 'numeric.bbx' found.

(/usr/local/texlive/2026/texmf-dist/tex/latex/biblatex/bbx/numeric.bbx
File: numeric.bbx 2025/07/10 v3.21 biblatex bibliography style (PK/MW)
Package biblatex Info: Trying to load bibliography style 'standard'...
Package biblatex Info: ... file 'standard.bbx' found.

(/usr/local/texlive/2026/texmf-dist/tex/latex/biblatex/bbx/standard.bbx
File: standard.bbx 2025/07/10 v3.21 biblatex bibliography style (PK/MW)
\c@bbx:relatedcount=\count428
\c@bbx:relatedtotal=\count429
)))
Package biblatex Info: Trying to load citation style 'numeric-comp'...
Package biblatex Info: ... file 'numeric-comp.cbx' found.

(/usr/local/texlive/2026/texmf-dist/tex/latex/biblatex/cbx/numeric-comp.cbx
File: numeric-comp.cbx 2025/07/10 v3.21 biblatex citation style (PK/MW)
\c@cbx@tempcnta=\count430
\c@cbx@tempcntb=\count431
\c@cbx@tempcntc=\count432
\c@cbx@tempcntd=\count433
Package biblatex Info: Redefining '\cite'.
Package biblatex Info: Redefining '\parencite'.
Package biblatex Info: Redefining '\footcite'.
Package biblatex Info: Redefining '\footcitetext'.
Package biblatex Info: Redefining '\smartcite'.
Package biblatex Info: Redefining '\supercite'.
Package biblatex Info: Redefining '\textcite'.
Package biblatex Info: Redefining '\textcites'.
Package biblatex Info: Redefining '\cites'.
Package biblatex Info: Redefining '\parencites'.
Package biblatex Info: Redefining '\smartcites'.
)
Package biblatex Info: Trying to load configuration file...
Package biblatex Info: ... file 'biblatex.cfg' found.

(/usr/local/texlive/2026/texmf-dist/tex/latex/biblatex/biblatex.cfg
File: biblatex.cfg 
)
Package biblatex Info: Input encoding 'utf8' detected.
Package biblatex Info: Document encoding is UTF8 ....

(/usr/local/texlive/2026/texmf-dist/tex/latex/l3kernel/expl3.sty
Package: expl3 2026-01-19 L3 programming layer (loader) 

(/usr/local/texlive/2026/texmf-dist/tex/latex/l3backend/l3backend-pdftex.def
File: l3backend-pdftex.def 2025-10-09 L3 backend support: PDF output (pdfTeX)
\l__color_backend_stack_int=\count434
))
Package biblatex Info: ... and expl3
(biblatex)             2026-01-19 L3 programming layer (loader) 
(biblatex)             is new enough (at least 2020/04/06),
(biblatex)             setting 'casechanger=expl3'.

(/usr/local/texlive/2026/texmf-dist/tex/latex/biblatex/blx-case-expl3.sty
(/usr/local/texlive/2026/texmf-dist/tex/latex/l3packages/xparse/xparse.sty
Package: xparse 2025-10-09 L3 Experimental document command parser
)
Package: blx-case-expl3 2025/07/10 v3.21 expl3 case changing code for biblatex
))
(/usr/local/texlive/2026/texmf-dist/tex/latex/amsmath/amsmath.sty
Package: amsmath 2025/07/09 v2.17z AMS math features
\@mathmargin=\skip88

For additional information on amsmath, use the `?' option.
(/usr/local/texlive/2026/texmf-dist/tex/latex/amsmath/amstext.sty
Package: amstext 2024/11/17 v2.01 AMS text

(/usr/local/texlive/2026/texmf-dist/tex/latex/amsmath/amsgen.sty
File: amsgen.sty 1999/11/30 v2.0 generic functions
\@emptytoks=\toks29
\ex@=\dimen150
))
(/usr/local/texlive/2026/texmf-dist/tex/latex/amsmath/amsbsy.sty
Package: amsbsy 1999/11/29 v1.2d Bold Symbols
\pmbraise@=\dimen151
)
(/usr/local/texlive/2026/texmf-dist/tex/latex/amsmath/amsopn.sty
Package: amsopn 2022/04/08 v2.04 operator names
)
\inf@bad=\count435
LaTeX Info: Redefining \frac on input line 233.
\uproot@=\count436
\leftroot@=\count437
LaTeX Info: Redefining \overline on input line 398.
LaTeX Info: Redefining \colon on input line 409.
\classnum@=\count438
\DOTSCASE@=\count439
LaTeX Info: Redefining \ldots on input line 495.
LaTeX Info: Redefining \dots on input line 498.
LaTeX Info: Redefining \cdots on input line 619.
\Mathstrutbox@=\box55
\strutbox@=\box56
LaTeX Info: Redefining \big on input line 721.
LaTeX Info: Redefining \Big on input line 722.
LaTeX Info: Redefining \bigg on input line 723.
LaTeX Info: Redefining \Bigg on input line 724.
\big@size=\dimen152
LaTeX Font Info:    Redeclaring font encoding OML on input line 742.
LaTeX Font Info:    Redeclaring font encoding OMS on input line 743.
\macc@depth=\count440
LaTeX Info: Redefining \bmod on input line 904.
LaTeX Info: Redefining \pmod on input line 909.
LaTeX Info: Redefining \smash on input line 939.
LaTeX Info: Redefining \relbar on input line 969.
LaTeX Info: Redefining \Relbar on input line 970.
\c@MaxMatrixCols=\count441
\dotsspace@=\muskip22
\c@parentequation=\count442
\dspbrk@lvl=\count443
\tag@help=\toks30
\row@=\count444
\column@=\count445
\maxfields@=\count446
\andhelp@=\toks31
\eqnshift@=\dimen153
\alignsep@=\dimen154
\tagshift@=\dimen155
\tagwidth@=\dimen156
\totwidth@=\dimen157
\lineht@=\dimen158
\@envbody=\toks32
\multlinegap=\skip89
\multlinetaggap=\skip90
\mathdisplay@stack=\toks33
LaTeX Info: Redefining \[ on input line 2950.
LaTeX Info: Redefining \] on input line 2951.
)
(/usr/local/texlive/2026/texmf-dist/tex/latex/graphics/graphicx.sty
Package: graphicx 2024/12/31 v1.2e Enhanced LaTeX Graphics (DPC,SPQR)

(/usr/local/texlive/2026/texmf-dist/tex/latex/graphics/graphics.sty
Package: graphics 2024/08/06 v1.4g Standard LaTeX Graphics (DPC,SPQR)

(/usr/local/texlive/2026/texmf-dist/tex/latex/graphics/trig.sty
Package: trig 2023/12/02 v1.11 sin cos tan (DPC)
)
(/usr/local/texlive/2026/texmf-dist/tex/latex/graphics-cfg/graphics.cfg
File: graphics.cfg 2016/06/04 v1.11 sample graphics configuration
)
Package graphics Info: Driver file: pdftex.def on input line 106.

(/usr/local/texlive/2026/texmf-dist/tex/latex/graphics-def/pdftex.def
File: pdftex.def 2025/09/29 v1.2d Graphics/color driver for pdftex
))
\Gin@req@height=\dimen159
\Gin@req@width=\dimen160
)
(/usr/local/texlive/2026/texmf-dist/tex/latex/pgf/frontendlayer/tikz.sty
(/usr/local/texlive/2026/texmf-dist/tex/latex/pgf/basiclayer/pgf.sty
(/usr/local/texlive/2026/texmf-dist/tex/latex/pgf/utilities/pgfrcs.sty
(/usr/local/texlive/2026/texmf-dist/tex/generic/pgf/utilities/pgfutil-common.te
x
\pgfutil@everybye=\toks34
\pgfutil@tempdima=\dimen161
\pgfutil@tempdimb=\dimen162
)
(/usr/local/texlive/2026/texmf-dist/tex/generic/pgf/utilities/pgfutil-latex.def
\pgfutil@abb=\box57
) (/usr/local/texlive/2026/texmf-dist/tex/generic/pgf/utilities/pgfrcs.code.tex
(/usr/local/texlive/2026/texmf-dist/tex/generic/pgf/pgf.revision.tex)
Package: pgfrcs 2025-08-29 v3.1.11a (3.1.11a)
))
Package: pgf 2025-08-29 v3.1.11a (3.1.11a)

(/usr/local/texlive/2026/texmf-dist/tex/latex/pgf/basiclayer/pgfcore.sty
(/usr/local/texlive/2026/texmf-dist/tex/latex/pgf/systemlayer/pgfsys.sty
(/usr/local/texlive/2026/texmf-dist/tex/generic/pgf/systemlayer/pgfsys.code.tex
Package: pgfsys 2025-08-29 v3.1.11a (3.1.11a)
(/usr/local/texlive/2026/texmf-dist/tex/generic/pgf/utilities/pgfkeys.code.tex
\pgfkeys@pathtoks=\toks35
\pgfkeys@temptoks=\toks36

(/usr/local/texlive/2026/texmf-dist/tex/generic/pgf/utilities/pgfkeyslibraryfil
tered.code.tex
\pgfkeys@tmptoks=\toks37
))
\pgf@x=\dimen163
\pgf@y=\dimen164
\pgf@xa=\dimen165
\pgf@ya=\dimen166
\pgf@xb=\dimen167
\pgf@yb=\dimen168
\pgf@xc=\dimen169
\pgf@yc=\dimen170
\pgf@xd=\dimen171
\pgf@yd=\dimen172
\w@pgf@writea=\write4
\r@pgf@reada=\read4
\c@pgf@counta=\count447
\c@pgf@countb=\count448
\c@pgf@countc=\count449
\c@pgf@countd=\count450
\t@pgf@toka=\toks38
\t@pgf@tokb=\toks39
\t@pgf@tokc=\toks40
\pgf@sys@id@count=\count451

(/usr/local/texlive/2026/texmf-dist/tex/generic/pgf/systemlayer/pgf.cfg
File: pgf.cfg 2025-08-29 v3.1.11a (3.1.11a)
)
Driver file for pgf: pgfsys-pdftex.def

(/usr/local/texlive/2026/texmf-dist/tex/generic/pgf/systemlayer/pgfsys-pdftex.d
ef
File: pgfsys-pdftex.def 2025-08-29 v3.1.11a (3.1.11a)

(/usr/local/texlive/2026/texmf-dist/tex/generic/pgf/systemlayer/pgfsys-common-p
df.def
File: pgfsys-common-pdf.def 2025-08-29 v3.1.11a (3.1.11a)
)))
(/usr/local/texlive/2026/texmf-dist/tex/generic/pgf/systemlayer/pgfsyssoftpath.
code.tex
File: pgfsyssoftpath.code.tex 2025-08-29 v3.1.11a (3.1.11a)
\pgfsyssoftpath@smallbuffer@items=\count452
\pgfsyssoftpath@bigbuffer@items=\count453
)
(/usr/local/texlive/2026/texmf-dist/tex/generic/pgf/systemlayer/pgfsysprotocol.
code.tex
File: pgfsysprotocol.code.tex 2025-08-29 v3.1.11a (3.1.11a)
)) (/usr/local/texlive/2026/texmf-dist/tex/latex/xcolor/xcolor.sty
Package: xcolor 2024/09/29 v3.02 LaTeX color extensions (UK)

(/usr/local/texlive/2026/texmf-dist/tex/latex/graphics-cfg/color.cfg
File: color.cfg 2016/01/02 v1.6 sample color configuration
)
Package xcolor Info: Driver file: pdftex.def on input line 274.

(/usr/local/texlive/2026/texmf-dist/tex/latex/graphics/mathcolor.ltx)
Package xcolor Info: Model `cmy' substituted by `cmy0' on input line 1349.
Package xcolor Info: Model `hsb' substituted by `rgb' on input line 1353.
Package xcolor Info: Model `RGB' extended on input line 1365.
Package xcolor Info: Model `HTML' substituted by `rgb' on input line 1367.
Package xcolor Info: Model `Hsb' substituted by `hsb' on input line 1368.
Package xcolor Info: Model `tHsb' substituted by `hsb' on input line 1369.
Package xcolor Info: Model `HSB' substituted by `hsb' on input line 1370.
Package xcolor Info: Model `Gray' substituted by `gray' on input line 1371.
Package xcolor Info: Model `wave' substituted by `hsb' on input line 1372.
)
(/usr/local/texlive/2026/texmf-dist/tex/latex/graphics/dvipsnam.def
File: dvipsnam.def 2016/06/17 v3.0m Driver-dependent file (DPC,SPQR)
)
(/usr/local/texlive/2026/texmf-dist/tex/generic/pgf/basiclayer/pgfcore.code.tex
Package: pgfcore 2025-08-29 v3.1.11a (3.1.11a)
(/usr/local/texlive/2026/texmf-dist/tex/generic/pgf/math/pgfmath.code.tex
(/usr/local/texlive/2026/texmf-dist/tex/generic/pgf/math/pgfmathutil.code.tex)
(/usr/local/texlive/2026/texmf-dist/tex/generic/pgf/math/pgfmathparser.code.tex
\pgfmath@dimen=\dimen173
\pgfmath@count=\count454
\pgfmath@box=\box58
\pgfmath@toks=\toks41
\pgfmath@stack@operand=\toks42
\pgfmath@stack@operation=\toks43
)
(/usr/local/texlive/2026/texmf-dist/tex/generic/pgf/math/pgfmathfunctions.code.
tex)
(/usr/local/texlive/2026/texmf-dist/tex/generic/pgf/math/pgfmathfunctions.basic
.code.tex)
(/usr/local/texlive/2026/texmf-dist/tex/generic/pgf/math/pgfmathfunctions.trigo
nometric.code.tex)
(/usr/local/texlive/2026/texmf-dist/tex/generic/pgf/math/pgfmathfunctions.rando
m.code.tex)
(/usr/local/texlive/2026/texmf-dist/tex/generic/pgf/math/pgfmathfunctions.compa
rison.code.tex)
(/usr/local/texlive/2026/texmf-dist/tex/generic/pgf/math/pgfmathfunctions.base.
code.tex)
(/usr/local/texlive/2026/texmf-dist/tex/generic/pgf/math/pgfmathfunctions.round
.code.tex)
(/usr/local/texlive/2026/texmf-dist/tex/generic/pgf/math/pgfmathfunctions.misc.
code.tex)
(/usr/local/texlive/2026/texmf-dist/tex/generic/pgf/math/pgfmathfunctions.integ
erarithmetics.code.tex)
(/usr/local/texlive/2026/texmf-dist/tex/generic/pgf/math/pgfmathcalc.code.tex)
(/usr/local/texlive/2026/texmf-dist/tex/generic/pgf/math/pgfmathfloat.code.tex
\c@pgfmathroundto@lastzeros=\count455
)) (/usr/local/texlive/2026/texmf-dist/tex/generic/pgf/math/pgfint.code.tex)
(/usr/local/texlive/2026/texmf-dist/tex/generic/pgf/basiclayer/pgfcorepoints.co
de.tex
File: pgfcorepoints.code.tex 2025-08-29 v3.1.11a (3.1.11a)
\pgf@picminx=\dimen174
\pgf@picmaxx=\dimen175
\pgf@picminy=\dimen176
\pgf@picmaxy=\dimen177
\pgf@pathminx=\dimen178
\pgf@pathmaxx=\dimen179
\pgf@pathminy=\dimen180
\pgf@pathmaxy=\dimen181
\pgf@xx=\dimen182
\pgf@xy=\dimen183
\pgf@yx=\dimen184
\pgf@yy=\dimen185
\pgf@zx=\dimen186
\pgf@zy=\dimen187
)
(/usr/local/texlive/2026/texmf-dist/tex/generic/pgf/basiclayer/pgfcorepathconst
ruct.code.tex
File: pgfcorepathconstruct.code.tex 2025-08-29 v3.1.11a (3.1.11a)
\pgf@path@lastx=\dimen188
\pgf@path@lasty=\dimen189
)
(/usr/local/texlive/2026/texmf-dist/tex/generic/pgf/basiclayer/pgfcorepathusage
.code.tex
File: pgfcorepathusage.code.tex 2025-08-29 v3.1.11a (3.1.11a)
\pgf@shorten@end@additional=\dimen190
\pgf@shorten@start@additional=\dimen191
)
(/usr/local/texlive/2026/texmf-dist/tex/generic/pgf/basiclayer/pgfcorescopes.co
de.tex
File: pgfcorescopes.code.tex 2025-08-29 v3.1.11a (3.1.11a)
\pgfpic=\box59
\pgf@hbox=\box60
\pgf@layerbox@main=\box61
\pgf@picture@serial@count=\count456
)
(/usr/local/texlive/2026/texmf-dist/tex/generic/pgf/basiclayer/pgfcoregraphicst
ate.code.tex
File: pgfcoregraphicstate.code.tex 2025-08-29 v3.1.11a (3.1.11a)
\pgflinewidth=\dimen192
)
(/usr/local/texlive/2026/texmf-dist/tex/generic/pgf/basiclayer/pgfcoretransform
ations.code.tex
File: pgfcoretransformations.code.tex 2025-08-29 v3.1.11a (3.1.11a)
\pgf@pt@x=\dimen193
\pgf@pt@y=\dimen194
\pgf@pt@temp=\dimen195
)
(/usr/local/texlive/2026/texmf-dist/tex/generic/pgf/basiclayer/pgfcorequick.cod
e.tex
File: pgfcorequick.code.tex 2025-08-29 v3.1.11a (3.1.11a)
)
(/usr/local/texlive/2026/texmf-dist/tex/generic/pgf/basiclayer/pgfcoreobjects.c
ode.tex
File: pgfcoreobjects.code.tex 2025-08-29 v3.1.11a (3.1.11a)
)
(/usr/local/texlive/2026/texmf-dist/tex/generic/pgf/basiclayer/pgfcorepathproce
ssing.code.tex
File: pgfcorepathprocessing.code.tex 2025-08-29 v3.1.11a (3.1.11a)
)
(/usr/local/texlive/2026/texmf-dist/tex/generic/pgf/basiclayer/pgfcorearrows.co
de.tex
File: pgfcorearrows.code.tex 2025-08-29 v3.1.11a (3.1.11a)
\pgfarrowsep=\dimen196
)
(/usr/local/texlive/2026/texmf-dist/tex/generic/pgf/basiclayer/pgfcoreshade.cod
e.tex
File: pgfcoreshade.code.tex 2025-08-29 v3.1.11a (3.1.11a)
\pgf@max=\dimen197
\pgf@sys@shading@range@num=\count457
\pgf@shadingcount=\count458
)
(/usr/local/texlive/2026/texmf-dist/tex/generic/pgf/basiclayer/pgfcoreimage.cod
e.tex
File: pgfcoreimage.code.tex 2025-08-29 v3.1.11a (3.1.11a)
)
(/usr/local/texlive/2026/texmf-dist/tex/generic/pgf/basiclayer/pgfcoreexternal.
code.tex
File: pgfcoreexternal.code.tex 2025-08-29 v3.1.11a (3.1.11a)
\pgfexternal@startupbox=\box62
)
(/usr/local/texlive/2026/texmf-dist/tex/generic/pgf/basiclayer/pgfcorelayers.co
de.tex
File: pgfcorelayers.code.tex 2025-08-29 v3.1.11a (3.1.11a)
)
(/usr/local/texlive/2026/texmf-dist/tex/generic/pgf/basiclayer/pgfcoretranspare
ncy.code.tex
File: pgfcoretransparency.code.tex 2025-08-29 v3.1.11a (3.1.11a)
)
(/usr/local/texlive/2026/texmf-dist/tex/generic/pgf/basiclayer/pgfcorepatterns.
code.tex
File: pgfcorepatterns.code.tex 2025-08-29 v3.1.11a (3.1.11a)
)
(/usr/local/texlive/2026/texmf-dist/tex/generic/pgf/basiclayer/pgfcorerdf.code.
tex
File: pgfcorerdf.code.tex 2025-08-29 v3.1.11a (3.1.11a)
)))
(/usr/local/texlive/2026/texmf-dist/tex/generic/pgf/modules/pgfmoduleshapes.cod
e.tex
File: pgfmoduleshapes.code.tex 2025-08-29 v3.1.11a (3.1.11a)
\pgfnodeparttextbox=\box63
)
(/usr/local/texlive/2026/texmf-dist/tex/generic/pgf/modules/pgfmoduleplot.code.
tex
File: pgfmoduleplot.code.tex 2025-08-29 v3.1.11a (3.1.11a)
)
(/usr/local/texlive/2026/texmf-dist/tex/latex/pgf/compatibility/pgfcomp-version
-0-65.sty
Package: pgfcomp-version-0-65 2025-08-29 v3.1.11a (3.1.11a)
\pgf@nodesepstart=\dimen198
\pgf@nodesepend=\dimen199
)
(/usr/local/texlive/2026/texmf-dist/tex/latex/pgf/compatibility/pgfcomp-version
-1-18.sty
Package: pgfcomp-version-1-18 2025-08-29 v3.1.11a (3.1.11a)
))
(/usr/local/texlive/2026/texmf-dist/tex/latex/pgf/utilities/pgffor.sty
(/usr/local/texlive/2026/texmf-dist/tex/latex/pgf/utilities/pgfkeys.sty
(/usr/local/texlive/2026/texmf-dist/tex/generic/pgf/utilities/pgfkeys.code.tex)
) (/usr/local/texlive/2026/texmf-dist/tex/latex/pgf/math/pgfmath.sty
(/usr/local/texlive/2026/texmf-dist/tex/generic/pgf/math/pgfmath.code.tex))
(/usr/local/texlive/2026/texmf-dist/tex/generic/pgf/utilities/pgffor.code.tex
Package: pgffor 2025-08-29 v3.1.11a (3.1.11a)
\pgffor@iter=\dimen256
\pgffor@skip=\dimen257
\pgffor@stack=\toks44
\pgffor@toks=\toks45
))
(/usr/local/texlive/2026/texmf-dist/tex/generic/pgf/frontendlayer/tikz/tikz.cod
e.tex
Package: tikz 2025-08-29 v3.1.11a (3.1.11a)

(/usr/local/texlive/2026/texmf-dist/tex/generic/pgf/libraries/pgflibraryplothan
dlers.code.tex
File: pgflibraryplothandlers.code.tex 2025-08-29 v3.1.11a (3.1.11a)
\pgf@plot@mark@count=\count459
\pgfplotmarksize=\dimen258
)
\tikz@lastx=\dimen259
\tikz@lasty=\dimen260
\tikz@lastxsaved=\dimen261
\tikz@lastysaved=\dimen262
\tikz@lastmovetox=\dimen263
\tikz@lastmovetoy=\dimen264
\tikzleveldistance=\dimen265
\tikzsiblingdistance=\dimen266
\tikz@figbox=\box64
\tikz@figbox@bg=\box65
\tikz@tempbox=\box66
\tikz@tempbox@bg=\box67
\tikztreelevel=\count460
\tikznumberofchildren=\count461
\tikznumberofcurrentchild=\count462
\tikz@fig@count=\count463

(/usr/local/texlive/2026/texmf-dist/tex/generic/pgf/modules/pgfmodulematrix.cod
e.tex
File: pgfmodulematrix.code.tex 2025-08-29 v3.1.11a (3.1.11a)
\pgfmatrixcurrentrow=\count464
\pgfmatrixcurrentcolumn=\count465
\pgf@matrix@numberofcolumns=\count466
)
\tikz@expandcount=\count467

(/usr/local/texlive/2026/texmf-dist/tex/generic/pgf/frontendlayer/tikz/librarie
s/tikzlibrarytopaths.code.tex
File: tikzlibrarytopaths.code.tex 2025-08-29 v3.1.11a (3.1.11a)
)))
(/usr/local/texlive/2026/texmf-dist/tex/latex/pgfplots/pgfplots.sty
(/usr/local/texlive/2026/texmf-dist/tex/generic/pgfplots/pgfplots.revision.tex)
Package: pgfplots 2025/08/14 v1.18.2 Data Visualization (1.18.2)
(/usr/local/texlive/2026/texmf-dist/tex/generic/pgfplots/pgfplots.code.tex
(/usr/local/texlive/2026/texmf-dist/tex/generic/pgfplots/pgfplotscore.code.tex
\t@pgfplots@toka=\toks46
\t@pgfplots@tokb=\toks47
\t@pgfplots@tokc=\toks48
\pgfplots@tmpa=\dimen267
\c@pgfplots@coordindex=\count468
\c@pgfplots@scanlineindex=\count469

(/usr/local/texlive/2026/texmf-dist/tex/generic/pgfplots/sys/pgfplotssysgeneric
.code.tex))
(/usr/local/texlive/2026/texmf-dist/tex/generic/pgfplots/libs/pgfplotslibrary.c
ode.tex)
(/usr/local/texlive/2026/texmf-dist/tex/generic/pgfplots/oldpgfcompatib/pgfplot
soldpgfsupp_loader.code.tex
(/usr/local/texlive/2026/texmf-dist/tex/generic/pgf/libraries/pgflibraryfpu.cod
e.tex)
(/usr/local/texlive/2026/texmf-dist/tex/generic/pgfplots/oldpgfcompatib/pgfplot
soldpgfsupp_pgfutil-common-lists.tex))
(/usr/local/texlive/2026/texmf-dist/tex/generic/pgfplots/util/pgfplotsutil.code
.tex
(/usr/local/texlive/2026/texmf-dist/tex/generic/pgfplots/liststructure/pgfplots
liststructure.code.tex)
(/usr/local/texlive/2026/texmf-dist/tex/generic/pgfplots/liststructure/pgfplots
liststructureext.code.tex)
(/usr/local/texlive/2026/texmf-dist/tex/generic/pgfplots/liststructure/pgfplots
array.code.tex
\c@pgfplotsarray@tmp=\count470
)
(/usr/local/texlive/2026/texmf-dist/tex/generic/pgfplots/liststructure/pgfplots
matrix.code.tex)
(/usr/local/texlive/2026/texmf-dist/tex/generic/pgfplots/numtable/pgfplotstable
shared.code.tex
\c@pgfplotstable@counta=\count471
\t@pgfplotstable@a=\toks49
)
(/usr/local/texlive/2026/texmf-dist/tex/generic/pgfplots/liststructure/pgfplots
deque.code.tex)
(/usr/local/texlive/2026/texmf-dist/tex/generic/pgfplots/util/pgfplotsbinary.co
de.tex
(/usr/local/texlive/2026/texmf-dist/tex/generic/pgfplots/util/pgfplotsbinary.da
ta.code.tex))
(/usr/local/texlive/2026/texmf-dist/tex/generic/pgfplots/util/pgfplotsutil.verb
.code.tex)
(/usr/local/texlive/2026/texmf-dist/tex/generic/pgfplots/libs/pgflibrarypgfplot
s.surfshading.code.tex
\c@pgfplotslibrarysurf@no=\count472

(/usr/local/texlive/2026/texmf-dist/tex/generic/pgfplots/sys/pgflibrarypgfplots
.surfshading.pgfsys-pdftex.def)))
(/usr/local/texlive/2026/texmf-dist/tex/generic/pgfplots/util/pgfplotscolormap.
code.tex
(/usr/local/texlive/2026/texmf-dist/tex/generic/pgfplots/util/pgfplotscolor.cod
e.tex))
(/usr/local/texlive/2026/texmf-dist/tex/generic/pgfplots/pgfplotsstackedplots.c
ode.tex)
(/usr/local/texlive/2026/texmf-dist/tex/generic/pgfplots/pgfplotsplothandlers.c
ode.tex
(/usr/local/texlive/2026/texmf-dist/tex/generic/pgfplots/pgfplotsmeshplothandle
r.code.tex
(/usr/local/texlive/2026/texmf-dist/tex/generic/pgfplots/pgfplotsmeshplotimage.
code.tex)))
(/usr/local/texlive/2026/texmf-dist/tex/generic/pgfplots/pgfplots.scaling.code.
tex)
(/usr/local/texlive/2026/texmf-dist/tex/generic/pgfplots/pgfplotscoordprocessin
g.code.tex)
(/usr/local/texlive/2026/texmf-dist/tex/generic/pgfplots/pgfplots.errorbars.cod
e.tex)
(/usr/local/texlive/2026/texmf-dist/tex/generic/pgfplots/pgfplots.markers.code.
tex)
(/usr/local/texlive/2026/texmf-dist/tex/generic/pgfplots/pgfplotsticks.code.tex
)
(/usr/local/texlive/2026/texmf-dist/tex/generic/pgfplots/pgfplots.paths.code.te
x)
(/usr/local/texlive/2026/texmf-dist/tex/generic/pgf/frontendlayer/tikz/librarie
s/tikzlibrarydecorations.code.tex
(/usr/local/texlive/2026/texmf-dist/tex/generic/pgf/modules/pgfmoduledecoration
s.code.tex
\pgfdecoratedcompleteddistance=\dimen268
\pgfdecoratedremainingdistance=\dimen269
\pgfdecoratedinputsegmentcompleteddistance=\dimen270
\pgfdecoratedinputsegmentremainingdistance=\dimen271
\pgf@decorate@distancetomove=\dimen272
\pgf@decorate@repeatstate=\count473
\pgfdecorationsegmentamplitude=\dimen273
\pgfdecorationsegmentlength=\dimen274
)
\tikz@lib@dec@box=\box68
)
(/usr/local/texlive/2026/texmf-dist/tex/generic/pgf/frontendlayer/tikz/librarie
s/tikzlibrarydecorations.pathmorphing.code.tex
(/usr/local/texlive/2026/texmf-dist/tex/generic/pgf/libraries/decorations/pgfli
brarydecorations.pathmorphing.code.tex))
(/usr/local/texlive/2026/texmf-dist/tex/generic/pgf/frontendlayer/tikz/librarie
s/tikzlibrarydecorations.pathreplacing.code.tex
(/usr/local/texlive/2026/texmf-dist/tex/generic/pgf/libraries/decorations/pgfli
brarydecorations.pathreplacing.code.tex))
(/usr/local/texlive/2026/texmf-dist/tex/generic/pgfplots/libs/tikzlibrarypgfplo
ts.contourlua.code.tex)
\pgfplots@numplots=\count474
\pgfplots@xmin@reg=\dimen275
\pgfplots@xmax@reg=\dimen276
\pgfplots@ymin@reg=\dimen277
\pgfplots@ymax@reg=\dimen278
\pgfplots@zmin@reg=\dimen279
\pgfplots@zmax@reg=\dimen280
)
(/usr/local/texlive/2026/texmf-dist/tex/generic/pgf/frontendlayer/tikz/librarie
s/tikzlibraryplotmarks.code.tex
File: tikzlibraryplotmarks.code.tex 2025-08-29 v3.1.11a (3.1.11a)

(/usr/local/texlive/2026/texmf-dist/tex/generic/pgf/libraries/pgflibraryplotmar
ks.code.tex
File: pgflibraryplotmarks.code.tex 2025-08-29 v3.1.11a (3.1.11a)
))) (/usr/local/texlive/2026/texmf-dist/tex/latex/psnfss/pifont.sty
Package: pifont 2020/03/25 PSNFSS-v9.3 Pi font support (SPQR) 
LaTeX Font Info:    Trying to load font information for U+pzd on input line 63.


(/usr/local/texlive/2026/texmf-dist/tex/latex/psnfss/upzd.fd
File: upzd.fd 2001/06/04 font definitions for U/pzd.
)
LaTeX Font Info:    Trying to load font information for U+psy on input line 64.


(/usr/local/texlive/2026/texmf-dist/tex/latex/psnfss/upsy.fd
File: upsy.fd 2001/06/04 font definitions for U/psy.
))
(/usr/local/texlive/2026/texmf-dist/tex/latex/scrhack/scrhack.sty
Package: scrhack 2024-09-04 v3.42 scrhack emulation package
)
(/usr/local/texlive/2026/texmf-dist/tex/latex/tools/xspace.sty
Package: xspace 2014/10/28 v1.13 Space after command names (DPC,MH)
)
(/usr/local/texlive/2026/texmf-dist/tex/latex/acronym/acronym.sty
Package: acronym 2025/01/17 v1.50 Support for acronyms (Tobias Oetiker)

(/usr/local/texlive/2026/texmf-dist/tex/latex/bigfoot/suffix.sty
Package: suffix 2006/07/15 1.5a Variant command support
)
(/usr/local/texlive/2026/texmf-dist/tex/generic/xstring/xstring.sty
(/usr/local/texlive/2026/texmf-dist/tex/generic/xstring/xstring.tex
\xs_counta=\count475
\xs_countb=\count476
)
Package: xstring 2023/08/22 v1.86 String manipulations (CT)
)
(/usr/local/texlive/2026/texmf-dist/tex/latex/relsize/relsize.sty
Package: relsize 2013/03/29 ver 4.1
)
\AC@clearlist=\toks50
)
(/usr/local/texlive/2026/texmf-dist/tex/generic/pgf/libraries/pgflibraryarrows.
meta.code.tex
File: pgflibraryarrows.meta.code.tex 2025-08-29 v3.1.11a (3.1.11a)
\pgfarrowinset=\dimen281
\pgfarrowlength=\dimen282
\pgfarrowwidth=\dimen283
\pgfarrowlinewidth=\dimen284
)
(/usr/local/texlive/2026/texmf-dist/tex/generic/pgf/frontendlayer/tikz/librarie
s/tikzlibrarypositioning.code.tex
File: tikzlibrarypositioning.code.tex 2025-08-29 v3.1.11a (3.1.11a)
)
(/usr/local/texlive/2026/texmf-dist/tex/generic/pgf/frontendlayer/tikz/librarie
s/tikzlibraryshapes.geometric.code.tex
File: tikzlibraryshapes.geometric.code.tex 2025-08-29 v3.1.11a (3.1.11a)

(/usr/local/texlive/2026/texmf-dist/tex/generic/pgf/libraries/shapes/pgflibrary
shapes.geometric.code.tex
File: pgflibraryshapes.geometric.code.tex 2025-08-29 v3.1.11a (3.1.11a)
))
(/usr/local/texlive/2026/texmf-dist/tex/latex/tools/tabularx.sty
Package: tabularx 2023/12/11 v2.12a `tabularx' package (DPC)

(/usr/local/texlive/2026/texmf-dist/tex/latex/tools/array.sty
Package: array 2025/09/25 v2.6n Tabular extension package (FMi)
\col@sep=\dimen285
\ar@mcellbox=\box69
\extrarowheight=\dimen286
\NC@list=\toks51
\extratabsurround=\skip91
\backup@length=\skip92
\ar@cellbox=\box70
)
\TX@col@width=\dimen287
\TX@old@table=\dimen288
\TX@old@col=\dimen289
\TX@target=\dimen290
\TX@delta=\dimen291
\TX@cols=\count477
\TX@ftn=\toks52
)
(/usr/local/texlive/2026/texmf-dist/tex/latex/multirow/multirow.sty
Package: multirow 2024/11/12 v2.9 Span multiple rows of a table
\multirow@colwidth=\skip93
\multirow@cntb=\count478
\multirow@dima=\skip94
\bigstrutjot=\dimen292
)
(/usr/local/texlive/2026/texmf-dist/tex/latex/algorithm2e/algorithm2e.sty
Package: algorithm2e 2017/07/18 v5.2 algorithms environments
\c@AlgoLine=\count479
\algocf@hangindent=\skip95

(/usr/local/texlive/2026/texmf-dist/tex/latex/ifoddpage/ifoddpage.sty
Package: ifoddpage 2022/10/18 v1.2 Conditionals for odd/even page detection
\c@checkoddpage=\count480
)
\skiptotal=\skip96
\skiplinenumber=\skip97
\skiprule=\skip98
\skiphlne=\skip99
\skiptext=\skip100
\skiplength=\skip101
\algomargin=\skip102
\skipalgocfslide=\skip103
\algowidth=\dimen293
\inoutsize=\dimen294
\inoutindent=\dimen295
\interspacetitleruled=\dimen296
\interspacealgoruled=\dimen297
\interspacetitleboxruled=\dimen298
\algocf@ruledwidth=\skip104
\algocf@inoutbox=\box71
\algocf@inputbox=\box72
\AlCapSkip=\skip105
\AlCapHSkip=\skip106
\algoskipindent=\skip107
\algocf@nlbox=\box73
\algocf@hangingbox=\box74
\algocf@untilbox=\box75
\algocf@skipuntil=\skip108
\algocf@capbox=\box76
\algocf@lcaptionbox=\skip109
\algoheightruledefault=\skip110
\algoheightrule=\skip111
\algotitleheightruledefault=\skip112
\algotitleheightrule=\skip113
\c@algocfline=\count481
\c@algocfproc=\count482
\c@algocf=\count483
\algocf@algoframe=\box77
\algocf@algobox=\box78
)
(/usr/local/texlive/2026/texmf-dist/tex/latex/subfig/subfig.sty
Package: subfig 2005/06/28 ver: 1.3 subfig package

(/usr/local/texlive/2026/texmf-dist/tex/latex/caption/caption.sty
Package: caption 2023/08/05 v3.6o Customizing captions (AR)

Package tocbasic Info: Loading of class-dependent code for package caption3
(tocbasic)             prevented on line 50.


(/usr/local/texlive/2026/texmf-dist/tex/latex/caption/caption3.sty
Package: caption3 2023/07/31 v2.4d caption3 kernel (AR)
\caption@tempdima=\dimen299
\captionmargin=\dimen300
\caption@leftmargin=\dimen301
\caption@rightmargin=\dimen302
\caption@width=\dimen303
\caption@indent=\dimen304
\caption@parindent=\dimen305
\caption@hangindent=\dimen306
)
\c@caption@flags=\count484
\c@continuedfloat=\count485
)
\c@KVtest=\count486
\sf@farskip=\skip114
\sf@captopadj=\dimen307
\sf@capskip=\skip115
\sf@nearskip=\skip116
\c@subfigure=\count487
\c@subfigure@save=\count488
\c@lofdepth=\count489
\c@subtable=\count490
\c@subtable@save=\count491
\c@lotdepth=\count492
\sf@top=\skip117
\sf@bottom=\skip118
)
(/usr/local/texlive/2026/texmf-dist/tex/latex/listings/listings.sty
\lst@mode=\count493
\lst@gtempboxa=\box79
\lst@token=\toks53
\lst@length=\count494
\lst@currlwidth=\dimen308
\lst@column=\count495
\lst@pos=\count496
\lst@lostspace=\dimen309
\lst@width=\dimen310
\lst@newlines=\count497
\lst@lineno=\count498
\lst@maxwidth=\dimen311

(/usr/local/texlive/2026/texmf-dist/tex/latex/listings/lstpatch.sty
File: lstpatch.sty 2025/11/14 1.11b (Carsten Heinz)
)
(/usr/local/texlive/2026/texmf-dist/tex/latex/listings/lstmisc.sty
File: lstmisc.sty 2025/11/14 1.11b (Carsten Heinz)
\c@lstnumber=\count499
\lst@skipnumbers=\count500
\lst@framebox=\box80
)
(/usr/local/texlive/2026/texmf-dist/tex/latex/listings/listings.cfg
File: listings.cfg 2025/11/14 1.11b listings configuration
))
Package: listings 2025/11/14 1.11b (Carsten Heinz)

==> First Aid for listings.sty no longer applied!
    Expected:
        2024/09/23 1.10c (Carsten Heinz)
    but found:
        2025/11/14 1.11b (Carsten Heinz)
    so I'm assuming it got fixed.
(/usr/local/texlive/2026/texmf-dist/tex/latex/listings/lstlang1.sty
File: lstlang1.sty 2025/11/14 1.11b listings language file
)
(/usr/local/texlive/2026/texmf-dist/tex/latex/listings/lstlang2.sty
File: lstlang2.sty 2025/11/14 1.11b listings language file
)
(/usr/local/texlive/2026/texmf-dist/tex/latex/listings/lstlang3.sty
File: lstlang3.sty 2025/11/14 1.11b listings language file
)
(/usr/local/texlive/2026/texmf-dist/tex/latex/listings/lstlang1.sty
File: lstlang1.sty 2025/11/14 1.11b listings language file
)
(/usr/local/texlive/2026/texmf-dist/tex/latex/listings/lstlang2.sty
File: lstlang2.sty 2025/11/14 1.11b listings language file
)
(/usr/local/texlive/2026/texmf-dist/tex/latex/listings/lstlang3.sty
File: lstlang3.sty 2025/11/14 1.11b listings language file
)
(/usr/local/texlive/2026/texmf-dist/tex/latex/listings/lstlang1.sty
File: lstlang1.sty 2025/11/14 1.11b listings language file
)
(/usr/local/texlive/2026/texmf-dist/tex/latex/listings/lstlang2.sty
File: lstlang2.sty 2025/11/14 1.11b listings language file
)
(/usr/local/texlive/2026/texmf-dist/tex/latex/listings/lstlang3.sty
File: lstlang3.sty 2025/11/14 1.11b listings language file
)
(/usr/local/texlive/2026/texmf-dist/tex/latex/listings/lstmisc.sty
File: lstmisc.sty 2025/11/14 1.11b (Carsten Heinz)
)
(./classicthesis.sty
Package: classicthesis 2025/02/02 v4.8 Typographic style for a classic-looking 
thesis

(/usr/local/texlive/2026/texmf-dist/tex/generic/iftex/ifpdf.sty
Package: ifpdf 2019/10/25 v3.4 ifpdf legacy package. Use iftex instead.
)
(/usr/local/texlive/2026/texmf-dist/tex/generic/iftex/ifxetex.sty
Package: ifxetex 2019/10/25 v0.7 ifxetex legacy package. Use iftex instead.
)
(/usr/local/texlive/2026/texmf-dist/tex/generic/iftex/ifluatex.sty
Package: ifluatex 2019/10/25 v1.5 ifluatex legacy package. Use iftex instead.
)
(/usr/local/texlive/2026/texmf-dist/tex/latex/psnfss/mathpazo.sty
Package: mathpazo 2020/03/25 PSNFSS-v9.3 Palatino w/ Pazo Math (D.Puga, WaS) 
\symupright=\mathgroup4
)
(/usr/local/texlive/2026/texmf-dist/tex/latex/bera/beramono.sty
Package: beramono 2004/01/31 (WaS)
)
LaTeX Font Info:    Trying to load font information for T1+pplj on input line 2
36.

(/usr/local/texlive/2026/texmf-dist/tex/latex/psnfss/t1pplj.fd
File: t1pplj.fd 2004/09/06 font definitions for T1/pplj.
)
(/usr/local/texlive/2026/texmf-dist/tex/latex/microtype/microtype.sty
Package: microtype 2026/03/01 v3.2d Micro-typographical refinements (RS)
\MT@toks=\toks54
\MT@tempbox=\box81
\MT@count=\count501
LaTeX Info: Redefining \noprotrusionifhmode on input line 1084.
LaTeX Info: Redefining \leftprotrusion on input line 1085.
\MT@prot@toks=\toks55
LaTeX Info: Redefining \rightprotrusion on input line 1104.
LaTeX Info: Redefining \textls on input line 1449.
\MT@outer@kern=\dimen312
LaTeX Info: Redefining \microtypecontext on input line 2053.
LaTeX Info: Redefining \textmicrotypecontext on input line 2070.
\MT@listname@count=\count502

(/usr/local/texlive/2026/texmf-dist/tex/latex/microtype/microtype-pdftex.def
File: microtype-pdftex.def 2026/03/01 v3.2d Definitions specific to pdftex (RS)

LaTeX Info: Redefining \lsstyle on input line 944.
LaTeX Info: Redefining \lslig on input line 944.
\MT@outer@space=\skip119
)
Package microtype Info: Loading configuration file microtype.cfg.

(/usr/local/texlive/2026/texmf-dist/tex/latex/microtype/microtype.cfg
File: microtype.cfg 2026/03/01 v3.2d microtype main configuration file (RS)
)
LaTeX Info: Redefining \microtypesetup on input line 3065.
)
Package classicthesis Info: A4 paper, Palatino or other on input line 280.
Package typearea Info: These are the values describing the layout:
(typearea)             DIV  = areaset
(typearea)             BCOR = 14.22636pt
(typearea)             \paperwidth      = 597.50793pt
(typearea)              \textwidth      = 336.0pt
(typearea)              \evensidemargin = 92.58438pt
(typearea)              \oddsidemargin  = 24.38356pt
(typearea)             \paperheight     = 845.04694pt
(typearea)              \textheight     = 666.04997pt
(typearea)              \topmargin      = -40.58768pt
(typearea)              \headheight     = 15.95pt
(typearea)              \headsep        = 20.40001pt
(typearea)              \topskip        = 11.0pt
(typearea)              \footskip       = 47.60002pt
(typearea)              \baselineskip   = 13.6pt
(typearea)              on input line 280.

(/usr/local/texlive/2026/texmf-dist/tex/latex/mparhack/mparhack.sty
Package: mparhack 2021-05-02 v1.5 (T. Sgouros and S. Ulrich)
)
(/usr/local/texlive/2026/texmf-dist/tex/latex/booktabs/booktabs.sty
Package: booktabs 2020/01/12 v1.61803398 Publication quality tables
\heavyrulewidth=\dimen313
\lightrulewidth=\dimen314
\cmidrulewidth=\dimen315
\belowrulesep=\dimen316
\belowbottomsep=\dimen317
\aboverulesep=\dimen318
\abovetopsep=\dimen319
\cmidrulesep=\dimen320
\cmidrulekern=\dimen321
\defaultaddspace=\dimen322
\@cmidla=\count503
\@cmidlb=\count504
\@aboverulesep=\dimen323
\@belowrulesep=\dimen324
\@thisruleclass=\count505
\@lastruleclass=\count506
\@thisrulewidth=\dimen325
)
(/usr/local/texlive/2026/texmf-dist/tex/latex/textcase/textcase.sty
Package: textcase 2025/02/16 v1.05 Text only upper/lower case changing (DPC)
Package textcase Info: Defining Legacy names on input line 20.
)
Package classicthesis Info: Using microtype for character spacing.Make sure you
r pdflatex is version 1.40 or higher. on input line 351.

(/usr/local/texlive/2026/texmf-dist/tex/latex/koma-script/scrlayer-scrpage.sty
Package: scrlayer-scrpage 2026/02/02 v3.49.2 KOMA-Script package (end user inte
rface for scrlayer)

(/usr/local/texlive/2026/texmf-dist/tex/latex/koma-script/scrlayer.sty
Package: scrlayer 2026/02/02 v3.49.2 KOMA-Script package (defining layers and p
age styles)
Package scrlayer Info: patching LaTeX kernel macro \pagestyle on input line 217
9.
)
Package scrlayer-scrpage Info: Makeing stand-alone element `pagehead' from
(scrlayer-scrpage)             alias to `pageheadfoot' on input line 1106.
)
(/usr/local/texlive/2026/texmf-dist/tex/latex/titlesec/titlesec.sty
Package: titlesec 2025/01/04 v2.17 Sectioning titles
\ttl@box=\box82
\beforetitleunit=\skip120
\aftertitleunit=\skip121
\ttl@plus=\dimen326
\ttl@minus=\dimen327
\ttl@toksa=\toks56
\titlewidth=\dimen328
\titlewidthlast=\dimen329
\titlewidthfirst=\dimen330


Package titlesec Warning: Non standard sectioning command \section
(titlesec)                detected. Using default spacing and no format.


Package titlesec Warning: Non standard sectioning command \subsection
(titlesec)                detected. Using default spacing and no format.


Package titlesec Warning: Non standard sectioning command \subsubsection
(titlesec)                detected. Using default spacing and no format.


Package titlesec Warning: Non standard sectioning command \paragraph
(titlesec)                detected. Using default spacing and no format.


Package titlesec Warning: Non standard sectioning command \subparagraph
(titlesec)                detected. Using default spacing and no format.

)

Class scrreprt Warning: Usage of package `tocloft' together
(scrreprt)              with a KOMA-Script class is not recommended.
(scrreprt)              I'd suggest to use options like `listof=entryprefix',
(scrreprt)              commands like `\listoflofentryname' or
(scrreprt)              `\listoflotentryname', and `\DeclareTOCStyleEntry' or
(scrreprt)              `\RedeclareSectionCommand' instead of this package,
(scrreprt)              because it breaks several KOMA-Script features of
(scrreprt)              the list of figures, list of tables and table of
(scrreprt)              contents, i.e., options like `listof=numbered',
(scrreprt)              `listof=flat or `toc=flat', commands like
(scrreprt)              `\BeforeTOCHead{...}' and `\AfterTOCHead{...}',
(scrreprt)              `\BeforeStartingTOC{...}' and \AfterStartingTOC{...}',
(scrreprt)              all features of `\DeclareTOCStyleEntry',
(scrreprt)              and the ToC entry features of `\DeclareSecionCommand'
(scrreprt)              and `\RedeclareSectionCommand' of levels
(scrreprt)              `part', `section', `subsection',
(scrreprt)              `subsubsection', `paragraph' and `subparagraph'.
(scrreprt)              Nevertheless, using requested
(scrreprt)              package `tocloft' on input line 450.

(/usr/local/texlive/2026/texmf-dist/tex/latex/tocloft/tocloft.sty
Package: tocloft 2017/08/31 v2.3i parameterised ToC, etc., typesetting
Package tocloft Info: The document has chapter divisions on input line 51.
\cftparskip=\skip122
\cftbeforetoctitleskip=\skip123
\cftaftertoctitleskip=\skip124
\cftbeforepartskip=\skip125
\cftpartnumwidth=\skip126
\cftpartindent=\skip127
\cftbeforechapskip=\skip128
\cftchapindent=\skip129
\cftchapnumwidth=\skip130
\cftbeforesecskip=\skip131
\cftsecindent=\skip132
\cftsecnumwidth=\skip133
\cftbeforesubsecskip=\skip134
\cftsubsecindent=\skip135
\cftsubsecnumwidth=\skip136
\cftbeforesubsubsecskip=\skip137
\cftsubsubsecindent=\skip138
\cftsubsubsecnumwidth=\skip139
\cftbeforeparaskip=\skip140
\cftparaindent=\skip141
\cftparanumwidth=\skip142
\cftbeforesubparaskip=\skip143
\cftsubparaindent=\skip144
\cftsubparanumwidth=\skip145
\cftbeforeloftitleskip=\skip146
\cftafterloftitleskip=\skip147
\cftbeforefigskip=\skip148
\cftfigindent=\skip149
\cftfignumwidth=\skip150
\cftbeforelottitleskip=\skip151
\cftafterlottitleskip=\skip152
\cftbeforetabskip=\skip153
\cfttabindent=\skip154
\cfttabnumwidth=\skip155
\cftbeforesubfigskip=\skip156
\cftsubfigindent=\skip157
\cftsubfignumwidth=\skip158
\cftbeforesubtabskip=\skip159
\cftsubtabindent=\skip160
\cftsubtabnumwidth=\skip161
)
\newnumberwidth=\skip162
\beforebibskip=\skip163
\newchnumberwidth=\skip164
\figurelabelwidth=\skip165
\tablelabelwidth=\skip166

Using KOMA-command "deffootnote" for footnote setup
(/usr/local/texlive/2026/texmf-dist/tex/latex/koma-script/scrtime.sty
Package: scrtime 2026/02/02 v3.49.2 KOMA-Script package (time of LaTeX run)
)
(/usr/local/texlive/2026/texmf-dist/tex/latex/prelim2e/prelim2e.sty
Package: prelim2e 2020/11/24 v2.0 prelim2e Package
)
(/usr/local/texlive/2026/texmf-dist/tex/latex/hyperref/hyperref.sty
Package: hyperref 2026-01-29 v7.01p Hypertext links for LaTeX

(/usr/local/texlive/2026/texmf-dist/tex/generic/kvdefinekeys/kvdefinekeys.sty
Package: kvdefinekeys 2019-12-19 v1.6 Define keys (HO)
)
(/usr/local/texlive/2026/texmf-dist/tex/generic/pdfescape/pdfescape.sty
Package: pdfescape 2019/12/09 v1.15 Implements pdfTeX's escape features (HO)
)
(/usr/local/texlive/2026/texmf-dist/tex/latex/hycolor/hycolor.sty
Package: hycolor 2020-01-27 v1.10 Color options for hyperref/bookmark (HO)
)
(/usr/local/texlive/2026/texmf-dist/tex/latex/hyperref/nameref.sty
Package: nameref 2026-01-29 v2.58 Cross-referencing by name of section

(/usr/local/texlive/2026/texmf-dist/tex/latex/refcount/refcount.sty
Package: refcount 2019/12/15 v3.6 Data extraction from label references (HO)
)
(/usr/local/texlive/2026/texmf-dist/tex/generic/gettitlestring/gettitlestring.s
ty
Package: gettitlestring 2019/12/15 v1.6 Cleanup title references (HO)
)
\c@section@level=\count507
) (/usr/local/texlive/2026/texmf-dist/tex/generic/stringenc/stringenc.sty
Package: stringenc 2019/11/29 v1.12 Convert strings between diff. encodings (HO
)
)
\@linkdim=\dimen331
\Hy@linkcounter=\count508
\Hy@pagecounter=\count509

(/usr/local/texlive/2026/texmf-dist/tex/latex/hyperref/pd1enc.def
File: pd1enc.def 2026-01-29 v7.01p Hyperref: PDFDocEncoding definition (HO)
Now handling font encoding PD1 ...
... no UTF-8 mapping file for font encoding PD1
)
(/usr/local/texlive/2026/texmf-dist/tex/generic/intcalc/intcalc.sty
Package: intcalc 2019/12/15 v1.3 Expandable calculations with integers (HO)
)
\Hy@SavedSpaceFactor=\count510

(/usr/local/texlive/2026/texmf-dist/tex/latex/hyperref/puenc.def
File: puenc.def 2026-01-29 v7.01p Hyperref: PDF Unicode definition (HO)
Now handling font encoding PU ...
... no UTF-8 mapping file for font encoding PU
)
Package hyperref Info: Option `hyperfootnotes' set `false' on input line 4072.
Package hyperref Info: Hyper figures OFF on input line 4201.
Package hyperref Info: Link nesting OFF on input line 4206.
Package hyperref Info: Hyper index ON on input line 4209.
Package hyperref Info: Plain pages OFF on input line 4216.
Package hyperref Info: Backreferencing OFF on input line 4221.
Package hyperref Info: Implicit mode ON; LaTeX internals redefined.
Package hyperref Info: Bookmarks ON on input line 4468.
\c@Hy@tempcnt=\count511
LaTeX Info: Redefining \url on input line 4807.
\XeTeXLinkMargin=\dimen332

(/usr/local/texlive/2026/texmf-dist/tex/generic/bitset/bitset.sty
Package: bitset 2019/12/09 v1.3 Handle bit-vector datatype (HO)

(/usr/local/texlive/2026/texmf-dist/tex/generic/bigintcalc/bigintcalc.sty
Package: bigintcalc 2019/12/15 v1.5 Expandable calculations on big integers (HO
)
))
\Fld@menulength=\count512
\Field@Width=\dimen333
\Fld@charsize=\dimen334
Package hyperref Info: Hyper figures OFF on input line 6084.
Package hyperref Info: Link nesting OFF on input line 6089.
Package hyperref Info: Hyper index ON on input line 6092.
Package hyperref Info: backreferencing OFF on input line 6099.
Package hyperref Info: Link coloring OFF on input line 6104.
Package hyperref Info: Link coloring with OCG OFF on input line 6109.
Package hyperref Info: PDF/A mode OFF on input line 6114.
\Hy@abspage=\count513
\c@Item=\count514
)
Package hyperref Info: Driver (autodetected): hpdftex.

(/usr/local/texlive/2026/texmf-dist/tex/latex/hyperref/hpdftex.def
File: hpdftex.def 2026-01-29 v7.01p Hyperref driver for pdfTeX
\Fld@listcount=\count515
\c@bookmark@seq@number=\count516

(/usr/local/texlive/2026/texmf-dist/tex/latex/rerunfilecheck/rerunfilecheck.sty
Package: rerunfilecheck 2025-06-21 v1.11 Rerun checks for auxiliary files (HO)

(/usr/local/texlive/2026/texmf-dist/tex/generic/uniquecounter/uniquecounter.sty
Package: uniquecounter 2019/12/15 v1.4 Provide unlimited unique counter (HO)
)
Package uniquecounter Info: New unique counter `rerunfilecheck' on input line 2
84.
)
\Hy@SectionHShift=\skip167
)
Package hyperref Info: Option `colorlinks' set `true' on input line 732.
Package hyperref Info: Option `linktocpage' set `true' on input line 732.
Package hyperref Info: Option `breaklinks' set `true' on input line 732.
) (/usr/local/texlive/2026/texmf-dist/tex/latex/xurl/xurl.sty
Package: xurl 2022/01/09 v 0.10 modify URL breaks

xurl: Set penalties for biblatex
) (/usr/local/texlive/2026/texmf-dist/tex/latex/tcolorbox/tcolorbox.sty
Package: tcolorbox 2025/11/28 version 6.9.0 text color boxes

(/usr/local/texlive/2026/texmf-dist/tex/latex/tools/verbatim.sty
Package: verbatim 2024-01-22 v1.5x LaTeX2e package for verbatim enhancements
\every@verbatim=\toks57
\verbatim@line=\toks58
\verbatim@in@stream=\read5
)
(/usr/local/texlive/2026/texmf-dist/tex/latex/environ/environ.sty
Package: environ 2014/05/04 v0.3 A new way to define environments

(/usr/local/texlive/2026/texmf-dist/tex/latex/trimspaces/trimspaces.sty
Package: trimspaces 2009/09/17 v1.1 Trim spaces around a token list
))
\tcb@titlebox=\box83
\tcb@upperbox=\box84
\tcb@lowerbox=\box85
\tcb@phantombox=\box86
\c@tcbbreakpart=\count517
\c@tcblayer=\count518
\c@tcolorbox@number=\count519
\l__tcobox_tmpa_box=\box87
\l__tcobox_tmpa_dim=\dimen335
\tcb@temp=\box88
\tcb@temp=\box89
\tcb@temp=\box90
\tcb@temp=\box91

(/usr/local/texlive/2026/texmf-dist/tex/latex/tcolorbox/tcbraster.code.tex
Library (tcolorbox): 'tcbraster.code.tex' version '6.9.0'
\c@tcbrastercolumn=\count520
\c@tcbrasterrow=\count521
\c@tcbrasternum=\count522
\c@tcbraster=\count523
) (/usr/local/texlive/2026/texmf-dist/tex/latex/tcolorbox/tcbskins.code.tex
Library (tcolorbox): 'tcbskins.code.tex' version '6.9.0'
(/usr/local/texlive/2026/texmf-dist/tex/latex/tikzfill/tikzfill.image.sty
Package: tikzfill.image 2023/08/08 v1.0.1 Image filling library for TikZ

(/usr/local/texlive/2026/texmf-dist/tex/latex/tikzfill/tikzfill-common.sty
Package: tikzfill-common 2023/08/08 v1.0.1 Auxiliary code for tikzfill
)
(/usr/local/texlive/2026/texmf-dist/tex/latex/tikzfill/tikzlibraryfill.image.co
de.tex
File: tikzlibraryfill.image.code.tex 2023/08/08 v1.0.1 Image filling library
\l__tikzfill_img_box=\box92
))
(/usr/local/texlive/2026/texmf-dist/tex/latex/tcolorbox/tcbskinsjigsaw.code.tex
Library (tcolorbox): 'tcbskinsjigsaw.code.tex' version '6.9.0'
))
(/usr/local/texlive/2026/texmf-dist/tex/latex/tcolorbox/tcbbreakable.code.tex
Library (tcolorbox): 'tcbbreakable.code.tex' version '6.9.0'
(/usr/local/texlive/2026/texmf-dist/tex/latex/pdfcol/pdfcol.sty
Package: pdfcol 2022-09-21 v1.7 Handle new color stacks for pdfTeX (HO)
)
Package pdfcol Info: New color stack `tcb@breakable' = 1 on input line 23.
\tcb@testbox=\box93
\tcb@totalupperbox=\box94
\tcb@totallowerbox=\box95
)
(/usr/local/texlive/2026/texmf-dist/tex/latex/tcolorbox/tcbhooks.code.tex
Library (tcolorbox): 'tcbhooks.code.tex' version '6.9.0'
) (/usr/local/texlive/2026/texmf-dist/tex/latex/tcolorbox/tcbtheorems.code.tex
Library (tcolorbox): 'tcbtheorems.code.tex' version '6.9.0'
) (/usr/local/texlive/2026/texmf-dist/tex/latex/tcolorbox/tcbfitting.code.tex
Library (tcolorbox): 'tcbfitting.code.tex' version '6.9.0'
\tcbfitdim=\dimen336
\tcb@lowerfitdim=\dimen337
\tcb@upperfitdim=\dimen338
\tcb@cur@hbadness=\count524
)
(/usr/local/texlive/2026/texmf-dist/tex/latex/tcolorbox/tcblistingsutf8.code.te
x
Library (tcolorbox): 'tcblistingsutf8.code.tex' version '6.9.0'
(/usr/local/texlive/2026/texmf-dist/tex/latex/tcolorbox/tcblistings.code.tex
Library (tcolorbox): 'tcblistings.code.tex' version '6.9.0'

(/usr/local/texlive/2026/texmf-dist/tex/latex/tcolorbox/tcblistingscore.code.te
x
Library (tcolorbox): 'tcblistingscore.code.tex' version '6.9.0'
(/usr/local/texlive/2026/texmf-dist/tex/latex/tcolorbox/tcbprocessing.code.tex
Library (tcolorbox): 'tcbprocessing.code.tex' version '6.9.0'
)
\c@tcblisting=\count525
)) (/usr/local/texlive/2026/texmf-dist/tex/latex/listingsutf8/listingsutf8.sty
Package: listingsutf8 2019-12-10 v1.5 Allow UTF-8 in listings input (HO)
)) (/usr/local/texlive/2026/texmf-dist/tex/latex/tcolorbox/tcbexternal.code.tex
Library (tcolorbox): 'tcbexternal.code.tex' version '6.9.0'
) (/usr/local/texlive/2026/texmf-dist/tex/latex/tcolorbox/tcbmagazine.code.tex
Library (tcolorbox): 'tcbmagazine.code.tex' version '6.9.0'
) (/usr/local/texlive/2026/texmf-dist/tex/latex/tcolorbox/tcbvignette.code.tex
Library (tcolorbox): 'tcbvignette.code.tex' version '6.9.0'

(/usr/local/texlive/2026/texmf-dist/tex/generic/pgf/frontendlayer/tikz/librarie
s/tikzlibraryfadings.code.tex
File: tikzlibraryfadings.code.tex 2025-08-29 v3.1.11a (3.1.11a)

(/usr/local/texlive/2026/texmf-dist/tex/generic/pgf/libraries/pgflibraryfadings
.code.tex
File: pgflibraryfadings.code.tex 2025-08-29 v3.1.11a (3.1.11a)
)))
(/usr/local/texlive/2026/texmf-dist/tex/latex/tcolorbox/tcbposter.code.tex
Library (tcolorbox): 'tcbposter.code.tex' version '6.9.0'
)) (/usr/local/texlive/2026/texmf-dist/tex/latex/colortbl/colortbl.sty
Package: colortbl 2024/10/29 v1.0k Color table columns (DPC)
\everycr=\toks59
\minrowclearance=\skip168
\rownum=\count526
)
Package hyperref Info: Option `colorlinks' set `true' on input line 227.
Package hyperref Info: Option `linktocpage' set `true' on input line 227.
Package hyperref Info: Option `breaklinks' set `true' on input line 227.
Package hyperref Info: Option `pageanchor' set `true' on input line 227.
Package hyperref Info: Option `plainpages' set `false' on input line 227.
Package hyperref Info: Option `bookmarksnumbered' set `true' on input line 227.

Package hyperref Info: Option `bookmarksopen' set `true' on input line 227.
Package hyperref Info: Option `hypertexnames' set `true' on input line 227.
)
Package csquotes Info: Checking for multilingual support...
Package csquotes Info: ... found 'babel' package.
Package csquotes Info: Adjusting default style.
Package csquotes Info: Redefining alias 'default' -> 'american'.
Class scrreprt Info: loading recommended package `bookmark'.
(scrreprt)           Using `bookmark' together with `hyperref' is recommended,
(scrreprt)           because of handling of possible bookmark level gaps.
(scrreprt)           You can avoid loading `bookmark' with KOMA-Script option
(scrreprt)           `bookmarkpackage=false' before \begin{document} and
(scrreprt)           you can avoid this message adding:
(scrreprt)             \usepackage{bookmark}
(scrreprt)           before \begin{document} on input line 61.

(/usr/local/texlive/2026/texmf-dist/tex/latex/bookmark/bookmark.sty
Package: bookmark 2023-12-10 v1.31 PDF bookmarks (HO)

(/usr/local/texlive/2026/texmf-dist/tex/latex/bookmark/bkm-pdftex.def
File: bkm-pdftex.def 2023-12-10 v1.31 bookmark driver for pdfTeX and luaTeX (HO
)
\BKM@id=\count527
))
(./ClassicThesis.aux (./FrontBackmatter/DirtyTitlepage.aux)
(./FrontBackmatter/Titlepage.aux) (./FrontBackmatter/Titleback.aux)
(./FrontBackmatter/Dedication.aux) (./FrontBackmatter/Abstract.aux
Package babel Info: 'ngerman' activates 'german' shorthands.
(babel)             Reported on input line 5.
)
(./FrontBackmatter/Publications.aux) (./FrontBackmatter/Acknowledgments.aux)
(./FrontBackmatter/Contents.aux) (./Chapters/Chapter01.aux)
(./Chapters/Chapter02_EfficientLanguageModels.aux) (./Chapters/Chapter02.aux)
(./Chapters/Chapter03.aux) (./Chapters/Chapter04.aux) (./Chapters/Chapter0A.aux
) (./FrontBackmatter/Bibliography.aux) (./FrontBackmatter/Declaration.aux)
(./FrontBackmatter/Colophon.aux))
\openout1 = `ClassicThesis.aux'.

LaTeX Font Info:    Checking defaults for OML/cmm/m/it on input line 61.
LaTeX Font Info:    ... okay on input line 61.
LaTeX Font Info:    Checking defaults for OMS/cmsy/m/n on input line 61.
LaTeX Font Info:    ... okay on input line 61.
LaTeX Font Info:    Checking defaults for OT1/cmr/m/n on input line 61.
LaTeX Font Info:    ... okay on input line 61.
LaTeX Font Info:    Checking defaults for T1/cmr/m/n on input line 61.
LaTeX Font Info:    ... okay on input line 61.
LaTeX Font Info:    Checking defaults for TS1/cmr/m/n on input line 61.
LaTeX Font Info:    ... okay on input line 61.
LaTeX Font Info:    Checking defaults for OMX/cmex/m/n on input line 61.
LaTeX Font Info:    ... okay on input line 61.
LaTeX Font Info:    Checking defaults for U/cmr/m/n on input line 61.
LaTeX Font Info:    ... okay on input line 61.
LaTeX Font Info:    Checking defaults for PD1/pdf/m/n on input line 61.
LaTeX Font Info:    ... okay on input line 61.
LaTeX Font Info:    Checking defaults for PU/pdf/m/n on input line 61.
LaTeX Font Info:    ... okay on input line 61.
Package scrbase Info: activating american \abstractname on input line 61.
Package scrbase Info: activating american \partname on input line 61.
Package scrbase Info: activating american \chaptername on input line 61.
Package scrbase Info: activating american \appendixname on input line 61.
Package scrbase Info: activating american \figurename on input line 61.
Package scrbase Info: activating american \tablename on input line 61.
Package scrbase Info: activating american \contentsname on input line 61.
Package scrbase Info: activating american \listfigurename on input line 61.
Package scrbase Info: activating american \listtablename on input line 61.
Package scrbase Info: activating american \bibname on input line 61.
Package scrbase Info: activating american \indexname on input line 61.
Package biblatex Info: Trying to load language 'american'...
Package biblatex Info: ... file 'american.lbx' found.

(/usr/local/texlive/2026/texmf-dist/tex/latex/biblatex/lbx/american.lbx
File: american.lbx 2025/07/10 v3.21 biblatex localization (PK/MW)
Package biblatex Info: Trying to load language 'english'...
Package biblatex Info: ... file 'english.lbx' found.

(/usr/local/texlive/2026/texmf-dist/tex/latex/biblatex/lbx/english.lbx
File: english.lbx 2025/07/10 v3.21 biblatex localization (PK/MW)
)
Package biblatex Info: Trying to load language 'english'...
Package biblatex Info: ... file 'english.lbx' found.

(/usr/local/texlive/2026/texmf-dist/tex/latex/biblatex/lbx/english.lbx
File: english.lbx 2025/07/10 v3.21 biblatex localization (PK/MW)
))
Package biblatex Info: Trying to load language 'ngerman'...
Package biblatex Info: ... file 'ngerman.lbx' found.

(/usr/local/texlive/2026/texmf-dist/tex/latex/biblatex/lbx/ngerman.lbx
File: ngerman.lbx 2025/07/10 v3.21 biblatex localization (PK/MW)
Package biblatex Info: Trying to load language 'german'...
Package biblatex Info: ... file 'german.lbx' found.

(/usr/local/texlive/2026/texmf-dist/tex/latex/biblatex/lbx/german.lbx
File: german.lbx 2025/07/10 v3.21 biblatex localization (PK/MW)
)
Package biblatex Info: Trying to load language 'german'...
Package biblatex Info: ... file 'german.lbx' found.

(/usr/local/texlive/2026/texmf-dist/tex/latex/biblatex/lbx/german.lbx
File: german.lbx 2025/07/10 v3.21 biblatex localization (PK/MW)
))
Package biblatex Info: Input encoding 'utf8' detected.
Package biblatex Info: Automatic encoding selection.
(biblatex)             Assuming data encoding 'utf8'.
Package biblatex Info: Input encoding 'utf8' detected.
Package biblatex Info: Data encoding 'utf8' specified.
(biblatex)             No need to reencode data.
\openout3 = `ClassicThesis-blx.bib'.

Package biblatex Info: Trying to load bibliographic data...
Package biblatex Info: ... file 'ClassicThesis.bbl' found.

(./ClassicThesis.bbl

Package biblatex Warning: BibTeX reported the following issues
(biblatex)                with 'qwen2.5':
(biblatex)                - Invalid format of field 'month'.

)
Package biblatex Info: ... file 'ClassicThesis1-blx.bbl' found.
 (./ClassicThesis1-blx.bbl)
Package biblatex Info: Reference section=0 on input line 61.
Package biblatex Info: Reference segment=0 on input line 61.

(/usr/local/texlive/2026/texmf-dist/tex/context/base/mkii/supp-pdf.mkii
[Loading MPS to PDF converter (version 2006.09.02).]
\scratchcounter=\count528
\scratchdimen=\dimen339
\scratchbox=\box96
\nofMPsegments=\count529
\nofMParguments=\count530
\everyMPshowfont=\toks60
\MPscratchCnt=\count531
\MPscratchDim=\dimen340
\MPnumerator=\count532
\makeMPintoPDFobject=\count533
\everyMPtoPDFconversion=\toks61
) (/usr/local/texlive/2026/texmf-dist/tex/latex/epstopdf-pkg/epstopdf-base.sty
Package: epstopdf-base 2020-01-24 v2.11 Base part for package epstopdf
Package epstopdf-base Info: Redefining graphics rule for `.eps' on input line 4
85.

(/usr/local/texlive/2026/texmf-dist/tex/latex/latexconfig/epstopdf-sys.cfg
File: epstopdf-sys.cfg 2010/07/13 v1.3 Configuration of (r)epstopdf for TeX Liv
e
))
Package pgfplots notification 'compat/show suggested version=true': document ha
s been generated with the most recent feature set (\pgfplotsset{compat=1.18}).

Package caption Info: Begin \AtBeginDocument code.
Package caption Info: subfig package v1.3 is loaded.
Package caption Info: hyperref package is loaded.
Package caption Info: listings package is loaded.
Package caption Info: End \AtBeginDocument code.
\c@lstlisting=\count534
Package tocbasic Info: setting babel extension for `lol' on input line 61.
\scr@dte@lstlisting@maxnumwidth=\skip169
LaTeX Info: Redefining \microtypecontext on input line 61.
Package microtype Info: Applying patch `item' on input line 61.
Package microtype Info: Applying patch `toc' on input line 61.
Package microtype Info: Applying patch `eqnum' on input line 61.
Package microtype Info: Applying patch `footnote' on input line 61.
Package microtype Info: Applying patch `verbatim' on input line 61.
LaTeX Info: Redefining \microtypesetup on input line 61.
Package microtype Info: Generating PDF output.
Package microtype Info: Character protrusion enabled (level 2).
Package microtype Info: Using default protrusion set `alltext'.
Package microtype Info: Automatic font expansion enabled (level 2),
(microtype)             stretch: 20, shrink: 20, step: 1, non-selected.
Package microtype Info: Using default expansion set `alltext-nott'.
Package microtype Info: Patching command `\showhyphens'.
Package microtype Info: No adjustment of tracking.
Package microtype Info: No adjustment of interword spacing.
Package microtype Info: No adjustment of character kerning.
(/usr/local/texlive/2026/texmf-dist/tex/latex/microtype/mt-ppl.cfg
File: mt-ppl.cfg 2005/11/16 v1.6 microtype config. file: Palatino (RS)
)
\c@listings=\count535
\cftbeforelistingsskip=\skip170
\cftlistingsindent=\skip171
\cftlistingsnumwidth=\skip172
\c@loldepth=\count536
\cftbeforeloltitleskip=\skip173
\cftafterloltitleskip=\skip174
\listingslabelwidth=\skip175
Package hyperref Info: Link coloring ON on input line 61.
\openout2 = `FrontBackmatter/DirtyTitlepage.aux'.


(./FrontBackmatter/DirtyTitlepage.tex
LaTeX Font Info:    Trying to load font information for OT1+pplx on input line 
8.

(/usr/local/texlive/2026/texmf-dist/tex/latex/psnfss/ot1pplx.fd
File: ot1pplx.fd 2004/09/06 font definitions for OT1/pplx.
)
LaTeX Font Info:    Trying to load font information for OML+zplm on input line 
8.

(/usr/local/texlive/2026/texmf-dist/tex/latex/psnfss/omlzplm.fd
File: omlzplm.fd 2002/09/08 Fontinst v1.914 font definitions for OML/zplm.
)
LaTeX Font Info:    Trying to load font information for OMS+zplm on input line 
8.

(/usr/local/texlive/2026/texmf-dist/tex/latex/psnfss/omszplm.fd
File: omszplm.fd 2002/09/08 Fontinst v1.914 font definitions for OMS/zplm.
)
LaTeX Font Info:    Trying to load font information for OMX+zplm on input line 
8.

(/usr/local/texlive/2026/texmf-dist/tex/latex/psnfss/omxzplm.fd
File: omxzplm.fd 2002/09/08 Fontinst v1.914 font definitions for OMX/zplm.
)
LaTeX Font Info:    Trying to load font information for OT1+zplm on input line 
8.

(/usr/local/texlive/2026/texmf-dist/tex/latex/psnfss/ot1zplm.fd
File: ot1zplm.fd 2002/09/08 Fontinst v1.914 font definitions for OT1/zplm.
)
Package microtype Info: Loading generic protrusion settings for font family
(microtype)             `zplm' (encoding: OT1).
(microtype)             For optimal results, create family-specific settings.
(microtype)             See the microtype manual for details.
)
Overfull \vbox (6.51149pt too high) has occurred while \output is active []


[1


{/usr/local/texlive/2026/texmf-var/fonts/map/pdftex/updmap/pdftex.map}{/usr/loc
al/texlive/2026/texmf-dist/fonts/enc/dvips/base/8r.enc}]
\openout2 = `FrontBackmatter/Titlepage.aux'.


(./FrontBackmatter/Titlepage.tex
Overfull \vbox (6.51149pt too high) has occurred while \output is active []


[2





]
<gfx/TFZsuperellipse_bw.pdf, id=55, 260.5755pt x 203.14595pt>
File: gfx/TFZsuperellipse_bw.pdf Graphic file (type pdf)
<use gfx/TFZsuperellipse_bw.pdf>
Package pdftex.def Info: gfx/TFZsuperellipse_bw.pdf  used on input line 23.
(pdftex.def)             Requested size: 170.71652pt x 133.09721pt.

Overfull \vbox (6.51149pt too high) has occurred while \output is active []


[3 <./gfx/TFZsuperellipse_bw.pdf>])
\openout2 = `FrontBackmatter/Titleback.aux'.

 (./FrontBackmatter/Titleback.tex
LaTeX Font Info:    Trying to load font information for TS1+pplj on input line 
8.

(/usr/local/texlive/2026/texmf-dist/tex/latex/psnfss/ts1pplj.fd
File: ts1pplj.fd 2004/09/06 font definitions for TS1/pplj.
))
Overfull \vbox (6.51149pt too high) has occurred while \output is active []


[4



]
\openout2 = `FrontBackmatter/Dedication.aux'.

 (./FrontBackmatter/Dedication.tex)
Overfull \vbox (6.51149pt too high) has occurred while \output is active []


[5





]
Overfull \vbox (6.51149pt too high) has occurred while \output is active []


[6




]
\openout2 = `FrontBackmatter/Abstract.aux'.

 (./FrontBackmatter/Abstract.tex
LaTeX Font Info:    Trying to load font information for T1+fvm on input line 16
.

(/usr/local/texlive/2026/texmf-dist/tex/latex/bera/t1fvm.fd
File: t1fvm.fd 2004/09/07 scalable font definitions for T1/fvm.
)
LaTeX Font Info:    Font shape `T1/fvm/m/n' will be
(Font)              scaled to size 9.30756pt on input line 16.
Package microtype Info: Loading generic protrusion settings for font family
(microtype)             `fvm' (encoding: T1).
(microtype)             For optimal results, create family-specific settings.
(microtype)             See the microtype manual for details.
)
Overfull \vbox (6.51149pt too high) has occurred while \output is active []


[7

]
Overfull \vbox (6.51149pt too high) has occurred while \output is active []


[8




]
\openout2 = `FrontBackmatter/Publications.aux'.

 (./FrontBackmatter/Publications.tex
\blx@maxsegment@1=\count537
\blx@sectionciteorder@1=\count538
Package biblatex Info: Reference section=1 on input line 10.
\openout3 = `ClassicThesis1-blx.aux'.

Package biblatex Info: Setting label 'refsection:1' on input line 10.
Package microtype Info: Character `029' is missing
(microtype)             in font `T1/pplj/m/sc/10.95'.
(microtype)             Ignoring protrusion settings for this character.
Package biblatex Info: Reference section=0 on input line 14.
)
Overfull \hbox (1.76471pt too wide) in paragraph at lines 16--78
[]\T1/pplj/m/it/10.95 (-20) Attention\T1/pplj/m/n/10.95 (-20) : This re-quires 
a sep-a-rate run of \T1/fvm/m/n/10.95 bibtex \T1/pplj/m/n/10.95 (-20) for your 
\T1/fvm/m/n/10.95 refsection\T1/pplj/m/n/10.95 (-20) ,
 []


Overfull \vbox (6.51149pt too high) has occurred while \output is active []


[9



]
Overfull \vbox (6.51149pt too high) has occurred while \output is active []


[10




]
\openout2 = `FrontBackmatter/Acknowledgments.aux'.

 (./FrontBackmatter/Acknowledgments.tex
LaTeX Font Info:    Font shape `T1/pplj/m/sl' in size <10.95> not available
(Font)              Font shape `T1/pplj/m/it' tried instead on input line 7.
)
Overfull \vbox (6.51149pt too high) has occurred while \output is active []


[11

]
Overfull \vbox (6.51149pt too high) has occurred while \output is active []


[12




]
\openout2 = `FrontBackmatter/Contents.aux'.

 (./FrontBackmatter/Contents.tex
Package tocbasic Info: character protrusion at toc deactivated on input line 11
.
 (./ClassicThesis.toc
Overfull \hbox (15.71709pt too wide) in paragraph at lines 9--9
 [][] []\T1/pplj/m/n/10.95 (-20) The Trans-former, the best ma-chine lan-guage 
learner? []  
 []


Overfull \hbox (3.33008pt too wide) in paragraph at lines 20--20
 [][] []\T1/pplj/m/n/10.95 (-20) The best train-ing ob-jec-tive for com-pres-si
on []  
 []


Overfull \hbox (31.66957pt too wide) in paragraph at lines 44--44
 [][] []\T1/pplj/m/n/10.95 (-20) Motivation: Ac-ti-va-tions are more low-rank t
han weights []  
 []


Overfull \vbox (6.51149pt too high) has occurred while \output is active []


[13



]
Overfull \hbox (22.44344pt too wide) in paragraph at lines 124--124
 [][] []\T1/pplj/m/n/10.95 (-20) Wolof-Specific Hu-BERT Con-tin-ued Pre-train-i
ng []  
 []


Overfull \hbox (12.4649pt too wide) in paragraph at lines 127--127
 [][] []\T1/pplj/m/n/10.95 (-20) Supervised ASR Fine-Tuning and Eval-u-a-tion [
]  
 []


Overfull \hbox (23.2944pt too wide) in paragraph at lines 130--130
 [][] []\T1/pplj/m/n/10.95 (-20) From a Speech En-coder to a Wolof Speech LLM [
]  
 []


Overfull \vbox (6.51149pt too high) has occurred while \output is active []


[14])
\tf@toc=\write5
\openout5 = `ClassicThesis.toc'.


Overfull \vbox (6.51149pt too high) has occurred while \output is active []


[15]
Package tocbasic Info: character protrusion at lof deactivated on input line 29
.
 (./ClassicThesis.lof
Overfull \hbox (31.68808pt too wide) in paragraph at lines 17--17
 \T1/pplj/m/n/10.95 (-20) taken from [][]https://blog.squeezebits.com/vocabular
y- 
 []


Overfull \hbox (7.29114pt too wide) in paragraph at lines 23--23
 [][] []\T1/pplj/m/n/10.95 (-20) Fixed-token scal-ing view of Chin-chilla and L
lama 
 []


Overfull \vbox (6.51149pt too high) has occurred while \output is active []


[16

]
Overfull \hbox (8.4415pt too wide) in paragraph at lines 35--35
 \T1/pplj/m/n/10.95 (-20) perts. Fig-ure adapted from Jiang et al. [[][]67[][]]
. []  
 []


Overfull \hbox (13.44235pt too wide) in paragraph at lines 37--37
 [][] []\T1/pplj/m/n/10.95 (-20) LongCat-Flash ar-chi-tec-ture with zero-comput
ation 
 []


Overfull \hbox (4.21397pt too wide) in paragraph at lines 39--39
 \T1/pplj/m/n/10.95 (-20) The to-ken em-bed-ding is aug-mented with hashed 
 []


Overfull \hbox (19.65245pt too wide) in paragraph at lines 43--43
 \T1/pplj/m/n/10.95 (-20) rank weights with a small cal-i-bra-tion dataset. [] 
 
 []


Overfull \vbox (6.51149pt too high) has occurred while \output is active []


[17]
Overfull \hbox (20.09312pt too wide) in paragraph at lines 45--45
 [][] []\T1/pplj/m/n/10.95 (-20) Accelerating con-ver-gence through a joint los
s []  
 []


Overfull \hbox (17.91742pt too wide) in paragraph at lines 49--49
 \T1/pplj/m/n/10.95 (-20) rank ma-tri-ces while gray boxes are non-compressed 
 []


Overfull \hbox (7.71584pt too wide) in paragraph at lines 49--49
 \T1/pplj/m/n/10.95 (-20) ones. $\OML/zplm/m/it/10.95 l[]$\T1/pplj/m/n/10.95 (-
20) , $\OML/zplm/m/it/10.95 l[]$\T1/pplj/m/n/10.95 (-20) , ..., $\OML/zplm/m/it
/10.95 l[]$\T1/pplj/m/n/10.95 (-20) , $\OML/zplm/m/it/10.95 l[]$ \T1/pplj/m/n/1
0.95 (-20) are the layer in-dexes. []  
 []


Overfull \hbox (20.54662pt too wide) in paragraph at lines 52--52
 [][] []\T1/pplj/b/n/10.95 (-20) SVD Ini-tial-iza-tion im-proves the sample-eff
iciency\T1/pplj/m/n/10.95 (-20) . 
 []


Overfull \hbox (2.97409pt too wide) in paragraph at lines 52--52
 \T1/pplj/m/n/10.95 (-20) Con-ver-gence when ini-tial-iz-ing low-rank weights 
 []


Overfull \hbox (12.17441pt too wide) in paragraph at lines 56--56
 [][] []\T1/pplj/m/n/10.95 (-20) Head shear-ing of the Whis-per em-bed-ding thr
ough 
 []


Overfull \hbox (0.93658pt too wide) in paragraph at lines 58--58
 [][] []\T1/pplj/m/n/10.95 (-20) Activation sim-i-lar-i-ties be-tween all decod
er-layer 
 []


Overfull \vbox (6.51149pt too high) has occurred while \output is active []


[18])
\tf@lof=\write6
\openout6 = `ClassicThesis.lof'.

Package tocbasic Info: character protrusion at lot deactivated on input line 39
.
 (./ClassicThesis.lot
Overfull \hbox (16.43225pt too wide) in paragraph at lines 22--22
 \T1/pplj/m/n/10.95 (-20) Larger vo-cab-u-lar-ies add pa-ram-e-ters. Ta-ble ada
pted 
 []


Overfull \vbox (6.51149pt too high) has occurred while \output is active []


[19]
Overfull \hbox (4.19553pt too wide) in paragraph at lines 27--27
 [][] []\T1/pplj/b/n/10.95 (-20) Compressed mod-els save mem-ory and speedup 
 []


Overfull \vbox (6.51149pt too high) has occurred while \output is active []


[20]
Overfull \hbox (0.14745pt too wide) in paragraph at lines 34--34
 [][] []\T1/pplj/m/n/10.95 (-20) Comparing the Wiki-text per-plex-ity con-ver-g
ence 
 []


Overfull \hbox (0.36024pt too wide) in paragraph at lines 34--34
 \T1/pplj/m/n/10.95 (-20) of the three losses for 2M train-ing to-kens. []  
 []


Overfull \hbox (5.82062pt too wide) in paragraph at lines 39--39
 \T1/pplj/m/n/10.95 (-20) pressed mod-els, with-out \T1/pplj/m/it/10.95 (-20) a
ny \T1/pplj/m/n/10.95 (-20) fine-tun-ing. \T1/pplj/b/n/10.95 (-20) Prompt: 
 []


Overfull \vbox (6.51149pt too high) has occurred while \output is active []


[21]
Overfull \hbox (9.11462pt too wide) in paragraph at lines 46--46
 [][] []\T1/pplj/m/n/10.95 (-20) ASR re-sults af-ter iden-ti-cal su-per-vised f
ine-tuning. 
 []

)
\tf@lot=\write7
\openout7 = `ClassicThesis.lot'.

 (./ClassicThesis.lol)
\tf@lol=\write8
\openout8 = `ClassicThesis.lol'.


Overfull \vbox (6.51149pt too high) has occurred while \output is active []


[22])
Overfull \vbox (6.51149pt too high) has occurred while \output is active []


[23]
Overfull \vbox (6.51149pt too high) has occurred while \output is active []


[24




]
Overfull \vbox (6.51149pt too high) has occurred while \output is active []


[1




]
Overfull \vbox (6.51149pt too high) has occurred while \output is active []


[2]
\openout2 = `Chapters/Chapter01.aux'.

 (./Chapters/Chapter01.tex
Chapter 1.

Overfull \vbox (6.51149pt too high) has occurred while \output is active []


[3



]
Overfull \vbox (6.51149pt too high) has occurred while \output is active []


[4]
LaTeX Font Info:    Font shape `T1/fvm/m/it' in size <9> not available
(Font)              Font shape `T1/fvm/m/sl' tried instead on input line 115.
LaTeX Font Info:    Font shape `T1/fvm/m/sl' will be
(Font)              scaled to size 7.65005pt on input line 115.
Package microtype Info: Character `029' is missing
(microtype)             in font `T1/pplj/m/sc/10'.
(microtype)             Ignoring protrusion settings for this character.

Overfull \vbox (6.51149pt too high) has occurred while \output is active []


[5]
Overfull \hbox (8.54797pt too wide) in paragraph at lines 155--155
|[]\T1/pplj/m/sc/10.95/80ls (-20) the trans-former, the best ma-chine lan-guage
 learner?| 
 []

<figures/transformer.pdf, id=618, 344.31712pt x 415.5525pt>
File: figures/transformer.pdf Graphic file (type pdf)
<use figures/transformer.pdf>
Package pdftex.def Info: figures/transformer.pdf  used on input line 169.
(pdftex.def)             Requested size: 252.0pt x 304.13705pt.
LaTeX Font Info:    Trying to load font information for U+fplmbb on input line 
176.
(/usr/local/texlive/2026/texmf-dist/tex/latex/psnfss/ufplmbb.fd
File: ufplmbb.fd 2003/10/30 Fontinst v1.914 font definitions for U/fplmbb.
)
Overfull \vbox (6.51149pt too high) has occurred while \output is active []


[6]
Overfull \vbox (6.51149pt too high) has occurred while \output is active []


[7 <./figures/transformer.pdf>]
Overfull \vbox (6.51149pt too high) has occurred while \output is active []


[8]
Overfull \vbox (6.51149pt too high) has occurred while \output is active []


[9]
Overfull \vbox (6.51149pt too high) has occurred while \output is active []


[10]
<figures/embedding_parameter_ratio.pdf, id=755, 1174.87308pt x 666.65627pt>
File: figures/embedding_parameter_ratio.pdf Graphic file (type pdf)
<use figures/embedding_parameter_ratio.pdf>
Package pdftex.def Info: figures/embedding_parameter_ratio.pdf  used on input l
ine 443.
(pdftex.def)             Requested size: 336.0pt x 190.65004pt.

Underfull \hbox (badness 6825) in paragraph at lines 445--445
[][]|\T1/pplj/m/n/10 (+20) Pro-por-tion of the size in MB of em-bed-ding pa-ram
-
 []


Underfull \hbox (badness 10000) in paragraph at lines 445--445
\T1/pplj/m/n/10 (+20) e-ters across dif-fer-ent model sizes. Data taken from
 []


Overfull \vbox (6.51149pt too high) has occurred while \output is active []


[11 <./figures/embedding_parameter_ratio.pdf>]
<figures/figure6_accuracy.png, id=822, 416.2752pt x 298.9569pt>
File: figures/figure6_accuracy.png Graphic file (type png)
<use figures/figure6_accuracy.png>
Package pdftex.def Info: figures/figure6_accuracy.png  used on input line 486.
(pdftex.def)             Requested size: 161.27856pt x 115.82634pt.
<figures/figure6_cross_entropy.png, id=824, 420.3705pt x 298.9569pt>
File: figures/figure6_cross_entropy.png Graphic file (type png)
<use figures/figure6_cross_entropy.png>
Package pdftex.def Info: figures/figure6_cross_entropy.png  used on input line 
490.
(pdftex.def)             Requested size: 161.27856pt x 114.6996pt.

Overfull \vbox (6.51149pt too high) has occurred while \output is active []


[12 <./figures/figure6_accuracy.png> <./figures/figure6_cross_entropy.png>]
<figures/wei_emergent_abilities_figure.pdf, id=843, 472.76625pt x 321.2pt>
File: figures/wei_emergent_abilities_figure.pdf Graphic file (type pdf)
<use figures/wei_emergent_abilities_figure.pdf>
Package pdftex.def Info: figures/wei_emergent_abilities_figure.pdf  used on inp
ut line 531.
(pdftex.def)             Requested size: 336.0pt x 228.28395pt.
)
Overfull \vbox (6.51149pt too high) has occurred while \output is active []


[13]
Overfull \vbox (6.51149pt too high) has occurred while \output is active []


[14 <./figures/wei_emergent_abilities_figure.pdf>]
\openout2 = `Chapters/Chapter02_EfficientLanguageModels.aux'.


(./Chapters/Chapter02_EfficientLanguageModels.tex
Chapter 2.

Overfull \vbox (6.51149pt too high) has occurred while \output is active []


[15





]

LaTeX Warning: `!h' float specifier changed to `!ht'.


Overfull \vbox (6.51149pt too high) has occurred while \output is active []


[16]
Overfull \vbox (6.51149pt too high) has occurred while \output is active []


[17]
Package pgfplots info on input line 208: Using 'lua backend=false' for axis: xm
ode=log unsupported (yet).
Package pgfplots info on input line 208: Using 'lua backend=false' for axis: ym
ode=log unsupported (yet).

Overfull \hbox (4.58322pt too wide) in paragraph at lines 261--263
 [][] 
 []

LaTeX Font Info:    Font shape `T1/fvm/m/n' will be
(Font)              scaled to size 8.50006pt on input line 263.

Overfull \vbox (6.51149pt too high) has occurred while \output is active []


[18]
Overfull \hbox (1.56523pt too wide) in paragraph at lines 353--354
 [][] 
 []


Overfull \vbox (6.51149pt too high) has occurred while \output is active []


[19]
Overfull \vbox (6.51149pt too high) has occurred while \output is active []


[20]
<figures/shearedllama.pdf, id=961, 389.455pt x 266.9975pt>
File: figures/shearedllama.pdf Graphic file (type pdf)
<use figures/shearedllama.pdf>
Package pdftex.def Info: figures/shearedllama.pdf  used on input line 426.
(pdftex.def)             Requested size: 309.11938pt x 211.9279pt.

Overfull \vbox (6.51149pt too high) has occurred while \output is active []


[21 <./figures/shearedllama.pdf>]
Overfull \hbox (1.56523pt too wide) in paragraph at lines 522--523
 [][] 
 []


Overfull \vbox (6.51149pt too high) has occurred while \output is active []


[22]
Overfull \vbox (6.51149pt too high) has occurred while \output is active []


[23]
Overfull \vbox (6.51149pt too high) has occurred while \output is active []


[24]
Overfull \vbox (6.51149pt too high) has occurred while \output is active []


[25]
Overfull \vbox (6.51149pt too high) has occurred while \output is active []


[26]
<figures/switch_transformer_figure2.pdf, id=1066, 451.6875pt x 220.825pt>
File: figures/switch_transformer_figure2.pdf Graphic file (type pdf)
<use figures/switch_transformer_figure2.pdf>
Package pdftex.def Info: figures/switch_transformer_figure2.pdf  used on input 
line 900.
(pdftex.def)             Requested size: 336.0pt x 164.27727pt.

Overfull \vbox (6.51149pt too high) has occurred while \output is active []


[27]
Overfull \vbox (6.51149pt too high) has occurred while \output is active []


[28 <./figures/switch_transformer_figure2.pdf>]
<figures/loss_vs_log_params.pdf, id=1150, 722.7pt x 578.16pt>
File: figures/loss_vs_log_params.pdf Graphic file (type pdf)
<use figures/loss_vs_log_params.pdf>
Package pdftex.def Info: figures/loss_vs_log_params.pdf  used on input line 950
.
(pdftex.def)             Requested size: 161.27856pt x 129.02174pt.
<figures/perp_vs_step.pdf, id=1151, 722.7pt x 578.16pt>
File: figures/perp_vs_step.pdf Graphic file (type pdf)
<use figures/perp_vs_step.pdf>
Package pdftex.def Info: figures/perp_vs_step.pdf  used on input line 954.
(pdftex.def)             Requested size: 161.27856pt x 129.02174pt.
<figures/fine_grained_moe_granularity_figure3a.pdf, id=1160, 133.49875pt x 133.
49875pt>
File: figures/fine_grained_moe_granularity_figure3a.pdf Graphic file (type pdf)

<use figures/fine_grained_moe_granularity_figure3a.pdf>
Package pdftex.def Info: figures/fine_grained_moe_granularity_figure3a.pdf  use
d on input line 985.
(pdftex.def)             Requested size: 302.39795pt x 302.46341pt.

Overfull \vbox (6.51149pt too high) has occurred while \output is active []


[29 <./figures/loss_vs_log_params.pdf> <./figures/perp_vs_step.pdf

pdfTeX warning: pdflatex (file ./figures/perp_vs_step.pdf): PDF inclusion: mult
iple pdfs with page group included in a single page
>]
Overfull \vbox (6.51149pt too high) has occurred while \output is active []


[30 <./figures/fine_grained_moe_granularity_figure3a.pdf>]
Overfull \vbox (6.51149pt too high) has occurred while \output is active []


[31]
<figures/mixtral_expert_selection_domains.pdf, id=1371, 416.55624pt x 265.99374
pt>
File: figures/mixtral_expert_selection_domains.pdf Graphic file (type pdf)
<use figures/mixtral_expert_selection_domains.pdf>
Package pdftex.def Info: figures/mixtral_expert_selection_domains.pdf  used on 
input line 1075.
(pdftex.def)             Requested size: 336.0pt x 214.56488pt.

Overfull \vbox (6.51149pt too high) has occurred while \output is active []


[32 <./figures/mixtral_expert_selection_domains.pdf>]
<figures/nllb_moe_language_similarity_figure20.pdf, id=1453, 454.69875pt x 426.
59375pt>
File: figures/nllb_moe_language_similarity_figure20.pdf Graphic file (type pdf)

<use figures/nllb_moe_language_similarity_figure20.pdf>
Package pdftex.def Info: figures/nllb_moe_language_similarity_figure20.pdf  use
d on input line 1101.
(pdftex.def)             Requested size: 336.0pt x 315.2383pt.
<figures/olmoe_unicode/copyright.png, id=1456, 170.6375pt x 193.72375pt>
File: figures/olmoe_unicode/copyright.png Graphic file (type png)
<use figures/olmoe_unicode/copyright.png>
Package pdftex.def Info: figures/olmoe_unicode/copyright.png  used on input lin
e 1171.
(pdftex.def)             Requested size: 6.18121pt x 7.01999pt.
<figures/olmoe_unicode/latin_l.png, id=1457, 60.225pt x 195.73125pt>
File: figures/olmoe_unicode/latin_l.png Graphic file (type png)
<use figures/olmoe_unicode/latin_l.png>
Package pdftex.def Info: figures/olmoe_unicode/latin_l.png  used on input line 
1171.
(pdftex.def)             Requested size: 2.15955pt x 7.01999pt.
<figures/olmoe_unicode/latin_i.png, id=1458, 41.15375pt x 249.93375pt>
File: figures/olmoe_unicode/latin_i.png Graphic file (type png)
<use figures/olmoe_unicode/latin_i.png>
Package pdftex.def Info: figures/olmoe_unicode/latin_i.png  used on input line 
1171.
(pdftex.def)             Requested size: 1.15543pt x 7.01999pt.
<figures/olmoe_unicode/jarai_i.png, id=1459, 80.3pt x 190.7125pt>
File: figures/olmoe_unicode/jarai_i.png Graphic file (type png)
<use figures/olmoe_unicode/jarai_i.png>
Package pdftex.def Info: figures/olmoe_unicode/jarai_i.png  used on input line 
1171.
(pdftex.def)             Requested size: 2.95537pt x 7.01999pt.
<figures/olmoe_unicode/devanagari_virama.png, id=1460, 125.46875pt x 196.735pt>

File: figures/olmoe_unicode/devanagari_virama.png Graphic file (type png)
<use figures/olmoe_unicode/devanagari_virama.png>
Package pdftex.def Info: figures/olmoe_unicode/devanagari_virama.png  used on i
nput line 1171.
(pdftex.def)             Requested size: 4.47609pt x 7.01999pt.
<figures/olmoe_unicode/devanagari_e.png, id=1461, 137.51375pt x 207.77625pt>
File: figures/olmoe_unicode/devanagari_e.png Graphic file (type png)
<use figures/olmoe_unicode/devanagari_e.png>
Package pdftex.def Info: figures/olmoe_unicode/devanagari_e.png  used on input 
line 1171.
(pdftex.def)             Requested size: 4.6456pt x 7.01999pt.
<figures/olmoe_unicode/devanagari_ka.png, id=1462, 184.69pt x 164.615pt>
File: figures/olmoe_unicode/devanagari_ka.png Graphic file (type png)
<use figures/olmoe_unicode/devanagari_ka.png>
Package pdftex.def Info: figures/olmoe_unicode/devanagari_ka.png  used on input
 line 1171.
(pdftex.def)             Requested size: 7.87387pt x 7.01999pt.
<figures/olmoe_unicode/cyrillic_sha.png, id=1463, 187.70125pt x 138.5175pt>
File: figures/olmoe_unicode/cyrillic_sha.png Graphic file (type png)
<use figures/olmoe_unicode/cyrillic_sha.png>
Package pdftex.def Info: figures/olmoe_unicode/cyrillic_sha.png  used on input 
line 1171.
(pdftex.def)             Requested size: 9.51163pt x 7.01999pt.
<figures/olmoe_unicode/cyrillic_in.png, id=1464, 286.06876pt x 138.5175pt>
File: figures/olmoe_unicode/cyrillic_in.png Graphic file (type png)
<use figures/olmoe_unicode/cyrillic_in.png>
Package pdftex.def Info: figures/olmoe_unicode/cyrillic_in.png  used on input l
ine 1171.
(pdftex.def)             Requested size: 14.49634pt x 7.01999pt.
<figures/olmoe_unicode/cyrillic_a.png, id=1465, 112.42pt x 143.53625pt>
File: figures/olmoe_unicode/cyrillic_a.png Graphic file (type png)
<use figures/olmoe_unicode/cyrillic_a.png>
Package pdftex.def Info: figures/olmoe_unicode/cyrillic_a.png  used on input li
ne 1171.
(pdftex.def)             Requested size: 5.49782pt x 7.01999pt.
<figures/olmoe_unicode/slovak_l.png, id=1466, 66.2475pt x 195.73125pt>
File: figures/olmoe_unicode/slovak_l.png Graphic file (type png)
<use figures/olmoe_unicode/slovak_l.png>
Package pdftex.def Info: figures/olmoe_unicode/slovak_l.png  used on input line
 1171.
(pdftex.def)             Requested size: 2.3755pt x 7.01999pt.
File: figures/olmoe_unicode/copyright.png Graphic file (type png)
<use figures/olmoe_unicode/copyright.png>
Package pdftex.def Info: figures/olmoe_unicode/copyright.png  used on input lin
e 1171.
(pdftex.def)             Requested size: 6.18121pt x 7.01999pt.
<figures/olmoe_unicode/persian_j.png, id=1467, 83.31125pt x 221.82875pt>
File: figures/olmoe_unicode/persian_j.png Graphic file (type png)
<use figures/olmoe_unicode/persian_j.png>
Package pdftex.def Info: figures/olmoe_unicode/persian_j.png  used on input lin
e 1171.
(pdftex.def)             Requested size: 2.63524pt x 7.01999pt.
<figures/olmoe_unicode/dutch_ij.png, id=1468, 94.3525pt x 251.94125pt>
File: figures/olmoe_unicode/dutch_ij.png Graphic file (type png)
<use figures/olmoe_unicode/dutch_ij.png>
Package pdftex.def Info: figures/olmoe_unicode/dutch_ij.png  used on input line
 1171.
(pdftex.def)             Requested size: 2.62889pt x 7.01999pt.
<figures/olmoe_unicode/chinese_dot.png, id=1469, 79.29625pt x 79.29625pt>
File: figures/olmoe_unicode/chinese_dot.png Graphic file (type png)
<use figures/olmoe_unicode/chinese_dot.png>
Package pdftex.def Info: figures/olmoe_unicode/chinese_dot.png  used on input l
ine 1171.
(pdftex.def)             Requested size: 7.01898pt x 7.01999pt.
<figures/olmoe_unicode/japanese_no.png, id=1470, 211.79124pt x 192.72pt>
File: figures/olmoe_unicode/japanese_no.png Graphic file (type png)
<use figures/olmoe_unicode/japanese_no.png>
Package pdftex.def Info: figures/olmoe_unicode/japanese_no.png  used on input l
ine 1171.
(pdftex.def)             Requested size: 7.71399pt x 7.01999pt.
<figures/olmoe_unicode/devanagari_ra.png, id=1471, 101.37875pt x 164.615pt>
File: figures/olmoe_unicode/devanagari_ra.png Graphic file (type png)
<use figures/olmoe_unicode/devanagari_ra.png>
Package pdftex.def Info: figures/olmoe_unicode/devanagari_ra.png  used on input
 line 1171.
(pdftex.def)             Requested size: 4.32207pt x 7.01999pt.
File: figures/olmoe_unicode/devanagari_ka.png Graphic file (type png)
<use figures/olmoe_unicode/devanagari_ka.png>
Package pdftex.def Info: figures/olmoe_unicode/devanagari_ka.png  used on input
 line 1171.
(pdftex.def)             Requested size: 7.87387pt x 7.01999pt.
File: figures/olmoe_unicode/devanagari_virama.png Graphic file (type png)
<use figures/olmoe_unicode/devanagari_virama.png>
Package pdftex.def Info: figures/olmoe_unicode/devanagari_virama.png  used on i
nput line 1171.
(pdftex.def)             Requested size: 4.47609pt x 7.01999pt.
<figures/olmoe_unicode/devanagari_la.png, id=1472, 177.66376pt x 168.63pt>
File: figures/olmoe_unicode/devanagari_la.png Graphic file (type png)
<use figures/olmoe_unicode/devanagari_la.png>
Package pdftex.def Info: figures/olmoe_unicode/devanagari_la.png  used on input
 line 1171.
(pdftex.def)             Requested size: 7.3954pt x 7.01999pt.

Underfull \hbox (badness 1173) in paragraph at lines 1171--1171
[]|[][][][][][] \T1/pplj/m/n/9 (+20) (100%) [][][][][][] (100%) [][][][][][] (9
5%)
 []


Underfull \hbox (badness 1546) in paragraph at lines 1171--1171
[]|[][][][][][] \T1/pplj/m/n/9 (+20) (100%) [][][][][][] (94%) [][][][][][] (90
%)
 []


Underfull \hbox (badness 10000) in paragraph at lines 1171--1171
[]|[][][][][][] \T1/pplj/m/n/9 (+20) (100%) [][][][][][] (100%)
 []


Underfull \hbox (badness 10000) in paragraph at lines 1171--1171
[][][][][][] \T1/pplj/m/n/9 (+20) (100%) [][][][][][] (100%)
 []


Underfull \hbox (badness 10000) in paragraph at lines 1171--1171
[][][][][][] \T1/pplj/m/n/9 (+20) (100%) [][][][][][] (100%)
 []


Underfull \hbox (badness 10000) in paragraph at lines 1171--1171
[][][][][][] \T1/pplj/m/n/9 (+20) (100%) [][][][][][]
 []


Underfull \hbox (badness 2635) in paragraph at lines 1171--1171
\T1/pplj/m/n/9 (+20) (81%) [][][][][][] (80%) [][][][][][] (78%)
 []


Underfull \hbox (badness 10000) in paragraph at lines 1171--1171
[]|[][][][][][] \T1/pplj/m/n/9 (+20) (92%) [][][][][][] (91%)
 []


Underfull \hbox (badness 1496) in paragraph at lines 1171--1171
[][][][][][] \T1/pplj/m/n/9 (+20) (83%) [][][][][][] (78%) [][][][][][]
 []


Underfull \hbox (badness 4543) in paragraph at lines 1171--1171
[][][][][][] \T1/pplj/m/n/9 (+20) (21%) [][][][][][] (20%) [][][][][][] (18%)
 []


Overfull \vbox (6.51149pt too high) has occurred while \output is active []


[33 <./figures/nllb_moe_language_similarity_figure20.pdf>]
Overfull \vbox (6.51149pt too high) has occurred while \output is active []


[34 <./figures/olmoe_unicode/copyright.png> <./figures/olmoe_unicode/latin_l.pn
g> <./figures/olmoe_unicode/latin_i.png> <./figures/olmoe_unicode/jarai_i.png> 
<./figures/olmoe_unicode/devanagari_virama.png> <./figures/olmoe_unicode/devana
gari_e.png> <./figures/olmoe_unicode/devanagari_ka.png> <./figures/olmoe_unicod
e/cyrillic_sha.png> <./figures/olmoe_unicode/cyrillic_in.png> <./figures/olmoe_
unicode/cyrillic_a.png> <./figures/olmoe_unicode/slovak_l.png> <./figures/olmoe
_unicode/persian_j.png> <./figures/olmoe_unicode/dutch_ij.png> <./figures/olmoe
_unicode/chinese_dot.png> <./figures/olmoe_unicode/japanese_no.png> <./figures/
olmoe_unicode/devanagari_ra.png> <./figures/olmoe_unicode/devanagari_la.png>]
<figures/longcat_flash_architecture.pdf, id=1568, 328.22626pt x 188.705pt>
File: figures/longcat_flash_architecture.pdf Graphic file (type pdf)
<use figures/longcat_flash_architecture.pdf>
Package pdftex.def Info: figures/longcat_flash_architecture.pdf  used on input 
line 1224.
(pdftex.def)             Requested size: 336.0pt x 193.17624pt.
<figures/key_value_memory_layer.pdf, id=1574, 380.42125pt x 121.45375pt>
File: figures/key_value_memory_layer.pdf Graphic file (type pdf)
<use figures/key_value_memory_layer.pdf>
Package pdftex.def Info: figures/key_value_memory_layer.pdf  used on input line
 1255.
(pdftex.def)             Requested size: 336.0pt x 107.27434pt.

Overfull \vbox (6.51149pt too high) has occurred while \output is active []


[35 <./figures/longcat_flash_architecture.pdf>]
Overfull \vbox (6.51149pt too high) has occurred while \output is active []


[36 <./figures/key_value_memory_layer.pdf>]
Overfull \vbox (6.51149pt too high) has occurred while \output is active []


[37] (/usr/local/texlive/2026/texmf-dist/tex/latex/listings/lstlang1.sty
File: lstlang1.sty 2025/11/14 1.11b listings language file
)
LaTeX Font Info:    Font shape `T1/fvm/b/n' will be
(Font)              scaled to size 8.50006pt on input line 1370.
<figures/ngram_embedding_layer.pdf, id=1728, 696.6025pt x 435.6275pt>
File: figures/ngram_embedding_layer.pdf Graphic file (type pdf)
<use figures/ngram_embedding_layer.pdf>
Package pdftex.def Info: figures/ngram_embedding_layer.pdf  used on input line 
1397.
(pdftex.def)             Requested size: 336.0pt x 210.12248pt.

Overfull \vbox (6.51149pt too high) has occurred while \output is active []


[38]
Overfull \vbox (6.51149pt too high) has occurred while \output is active []


[39 <./figures/ngram_embedding_layer.pdf>]
Overfull \vbox (6.51149pt too high) has occurred while \output is active []


[40]
<figures/mrl_figure1.pdf, id=1830, 286.671pt x 138.5175pt>
File: figures/mrl_figure1.pdf Graphic file (type pdf)
<use figures/mrl_figure1.pdf>
Package pdftex.def Info: figures/mrl_figure1.pdf  used on input line 1515.
(pdftex.def)             Requested size: 336.0pt x 162.3607pt.
<figures/matformer_figure1.pdf, id=1835, 554.07pt x 247.92625pt>
File: figures/matformer_figure1.pdf Graphic file (type pdf)
<use figures/matformer_figure1.pdf>
Package pdftex.def Info: figures/matformer_figure1.pdf  used on input line 1545
.
(pdftex.def)             Requested size: 336.0pt x 150.34576pt.

Overfull \vbox (6.51149pt too high) has occurred while \output is active []


[41 <./figures/mrl_figure1.pdf>]

LaTeX Warning: Marginpar on page 42 moved.

)
Overfull \vbox (6.51149pt too high) has occurred while \output is active []


[42 <./figures/matformer_figure1.pdf>]
Overfull \vbox (6.51149pt too high) has occurred while \output is active []


[43






]
Overfull \vbox (6.51149pt too high) has occurred while \output is active []


[44]
\openout2 = `Chapters/Chapter02.aux'.

 (./Chapters/Chapter02.tex
Chapter 3.
<papers/lillama/overview.pdf, id=2020, 4386.3875pt x 3926.67pt>
File: papers/lillama/overview.pdf Graphic file (type pdf)
<use papers/lillama/overview.pdf>
Package pdftex.def Info: papers/lillama/overview.pdf  used on input line 9.
(pdftex.def)             Requested size: 336.0pt x 300.77873pt.

Overfull \hbox (1.37042pt too wide) in paragraph at lines 19--19
 []|\T1/pplj/b/n/10.95 (-20) Memory 
 []


LaTeX Warning: `!h' float specifier changed to `!ht'.


Overfull \vbox (6.51149pt too high) has occurred while \output is active []


[45



 <./papers/lillama/overview.pdf>]
Overfull \vbox (6.51149pt too high) has occurred while \output is active []


[46]
Overfull \hbox (0.88692pt too wide) has occurred while \output is active
 []|[]|
 []


Overfull \vbox (6.51149pt too high) has occurred while \output is active []


[47]
<papers/lillama/stablerank_40p.pdf, id=2446, 867.24pt x 433.62pt>
File: papers/lillama/stablerank_40p.pdf Graphic file (type pdf)
<use papers/lillama/stablerank_40p.pdf>
Package pdftex.def Info: papers/lillama/stablerank_40p.pdf  used on input line 
71.
(pdftex.def)             Requested size: 336.0pt x 167.99954pt.

Overfull \hbox (5.53719pt too wide) in paragraph at lines 79--79
|[]\T1/pplj/m/sc/10.95/80ls (-20) background: low-rank ap-prox-i-ma-tion of tra
ns-former
 []


Overfull \vbox (6.51149pt too high) has occurred while \output is active []


[48 <./papers/lillama/stablerank_40p.pdf>]
Overfull \hbox (22.92413pt too wide) has occurred while \output is active
 []|[]|
 []


Overfull \vbox (6.51149pt too high) has occurred while \output is active []


[49]
<papers/lillama/Teacher.pdf, id=2466, 775.89874pt x 1261.71375pt>
File: papers/lillama/Teacher.pdf Graphic file (type pdf)
<use papers/lillama/Teacher.pdf>
Package pdftex.def Info: papers/lillama/Teacher.pdf  used on input line 116.
(pdftex.def)             Requested size: 100.80103pt x 163.91302pt.
<papers/lillama/Student.pdf, id=2467, 775.89874pt x 1254.6875pt>
File: papers/lillama/Student.pdf Graphic file (type pdf)
<use papers/lillama/Student.pdf>
Package pdftex.def Info: papers/lillama/Student.pdf  used on input line 118.
(pdftex.def)             Requested size: 100.80103pt x 163.00023pt.
<papers/lillama/Teacher+Student.pdf, id=2468, 783.92876pt x 1274.7625pt>
File: papers/lillama/Teacher+Student.pdf Graphic file (type pdf)
<use papers/lillama/Teacher+Student.pdf>
Package pdftex.def Info: papers/lillama/Teacher+Student.pdf  used on input line
 120.
(pdftex.def)             Requested size: 100.80103pt x 163.89651pt.

Overfull \vbox (6.51149pt too high) has occurred while \output is active []


[50]
Overfull \vbox (6.51149pt too high) has occurred while \output is active []


[51 <./papers/lillama/Teacher.pdf> <./papers/lillama/Student.pdf> <./papers/lil
lama/Teacher+Student.pdf>]
Overfull \vbox (6.51149pt too high) has occurred while \output is active []


[52]
<papers/lillama/strategies.pdf, id=2505, 4842.09pt x 4103.23885pt>
File: papers/lillama/strategies.pdf Graphic file (type pdf)
<use papers/lillama/strategies.pdf>
Package pdftex.def Info: papers/lillama/strategies.pdf  used on input line 181.

(pdftex.def)             Requested size: 336.0pt x 284.68904pt.

Overfull \vbox (6.51149pt too high) has occurred while \output is active []


[53 <./papers/lillama/strategies.pdf>]
<papers/lillama/pseudo-code.pdf, id=3001, 476.62904pt x 441.89984pt>
File: papers/lillama/pseudo-code.pdf Graphic file (type pdf)
<use papers/lillama/pseudo-code.pdf>
Package pdftex.def Info: papers/lillama/pseudo-code.pdf  used on input line 223
.
(pdftex.def)             Requested size: 336.0pt x 311.5192pt.

Overfull \vbox (6.51149pt too high) has occurred while \output is active []


[54]
Overfull \vbox (6.51149pt too high) has occurred while \output is active []


[55 <./papers/lillama/pseudo-code.pdf>]
Overfull \vbox (6.51149pt too high) has occurred while \output is active []


[56]
Overfull \hbox (20.17035pt too wide) in paragraph at lines 316--338
[][] 
 []


Overfull \hbox (20.15923pt too wide) in paragraph at lines 343--355
[][] 
 []


Overfull \hbox (20.15776pt too wide) in paragraph at lines 360--377
[][] 
 []


Overfull \vbox (6.51149pt too high) has occurred while \output is active []


[57]
Overfull \hbox (6.72385pt too wide) in paragraph at lines 398--414
 [][] 
 []


LaTeX Warning: `!h' float specifier changed to `!ht'.


Overfull \vbox (6.51149pt too high) has occurred while \output is active []


[58]
Overfull \vbox (6.51149pt too high) has occurred while \output is active []


[59]
<papers/lillama/rank_acc-1.pdf, id=3129, 433.62pt x 397.485pt>
File: papers/lillama/rank_acc-1.pdf Graphic file (type pdf)
<use papers/lillama/rank_acc-1.pdf>
Package pdftex.def Info: papers/lillama/rank_acc-1.pdf  used on input line 475.

(pdftex.def)             Requested size: 336.0pt x 308.01736pt.
<papers/lillama/w_wo_svd-2.pdf, id=3132, 867.24pt x 433.62pt>
File: papers/lillama/w_wo_svd-2.pdf Graphic file (type pdf)
<use papers/lillama/w_wo_svd-2.pdf>
Package pdftex.def Info: papers/lillama/w_wo_svd-2.pdf  used on input line 482.

(pdftex.def)             Requested size: 336.0pt x 167.99954pt.
<papers/lillama/losses_convergence.pdf, id=3133, 1300.86pt x 433.62pt>
File: papers/lillama/losses_convergence.pdf Graphic file (type pdf)
<use papers/lillama/losses_convergence.pdf>
Package pdftex.def Info: papers/lillama/losses_convergence.pdf  used on input l
ine 494.
(pdftex.def)             Requested size: 336.0pt x 111.99748pt.


LaTeX Warning: `!h' float specifier changed to `!ht'.


LaTeX Warning: `!h' float specifier changed to `!ht'.


Overfull \vbox (6.51149pt too high) has occurred while \output is active []


[60]
Overfull \vbox (6.51149pt too high) has occurred while \output is active []


[61 <./papers/lillama/rank_acc-1.pdf>]
Overfull \vbox (6.51149pt too high) has occurred while \output is active []


[62 <./papers/lillama/w_wo_svd-2.pdf> <./papers/lillama/losses_convergence.pdf>
]
Overfull \vbox (6.51149pt too high) has occurred while \output is active []


[63]

LaTeX Warning: `!h' float specifier changed to `!ht'.


Overfull \vbox (6.51149pt too high) has occurred while \output is active []


[64]
Underfull \hbox (badness 4316) in paragraph at lines 652--652
[]|\T1/pplj/m/n/8 (+20) Steve Jobs was a young
 []


Underfull \hbox (badness 1057) in paragraph at lines 652--653
\T1/pplj/m/n/8 (+20) duces com-put-ers, soft-ware,
 []


Underfull \hbox (badness 5519) in paragraph at lines 652--653
\T1/pplj/m/n/8 (+20) also the CEO of Ap-ple,
 []


Underfull \hbox (badness 2809) in paragraph at lines 652--653
\T1/pplj/m/n/8 (+20) and the vi-sion-ary be-hind
 []


Underfull \hbox (badness 1184) in paragraph at lines 652--653
\T1/pplj/m/n/8 (+20) the iPhone, the iPad, and
 []


Underfull \hbox (badness 1859) in paragraph at lines 652--653
\T1/pplj/m/n/8 (+20) the iPod. He was known
 []


Underfull \hbox (badness 1348) in paragraph at lines 695--698
\T1/pplj/m/n/8 (+20) life, and ten-sions be-tween
 []


Underfull \hbox (badness 1028) in paragraph at lines 695--698
\T1/pplj/m/n/8 (+20) in 1861 when Con-fed-er-ate
 []


Underfull \hbox (badness 1102) in paragraph at lines 695--698
\T1/pplj/m/n/8 (+20) the coun-try. The war was
 []


Underfull \hbox (badness 1199) in paragraph at lines 698--699
\T1/pplj/m/n/8 (+20) also known as the Union,
 []


Underfull \hbox (badness 1210) in paragraph at lines 698--699
\T1/pplj/m/n/8 (+20) South-ern states wanted to
 []


Underfull \hbox (badness 1540) in paragraph at lines 704--705
\T1/pplj/m/n/8 (+20) Procla-ma-tion? Here is the
 []


Underfull \hbox (badness 1215) in paragraph at lines 706--707
\T1/pplj/m/n/8 (+20) be-tween the United States
 []


Underfull \hbox (badness 1728) in paragraph at lines 706--707
\T1/pplj/m/n/8 (+20) peo-ple, wanted to abol-ish
 []


Underfull \hbox (badness 1406) in paragraph at lines 708--709
\T1/pplj/m/n/8 (+20) the Con-fed-er-ate States de-
 []


Underfull \hbox (badness 4954) in paragraph at lines 708--709
\T1/pplj/m/n/8 (+20) the United States, which
 []


LaTeX Warning: Reference `ssec:svdllm' on page 65 undefined on input line 719.


Overfull \vbox (6.51149pt too high) has occurred while \output is active []


[65]
Overfull \vbox (6.51149pt too high) has occurred while \output is active []


[66]
Overfull \vbox (6.51149pt too high) has occurred while \output is active []


[67]

LaTeX Warning: Marginpar on page 68 moved.


Overfull \vbox (6.51149pt too high) has occurred while \output is active []


[68])
Overfull \vbox (6.51149pt too high) has occurred while \output is active []


[69]
\openout2 = `Chapters/Chapter03.aux'.

 (./Chapters/Chapter03.tex
Chapter 4.

Overfull \vbox (6.51149pt too high) has occurred while \output is active []


[70





]
Overfull \vbox (6.51149pt too high) has occurred while \output is active []


[71]
<papers/BaldWhisper/images/layermerging.pdf, id=3262, 988.39845pt x 679.53876pt
>
File: papers/BaldWhisper/images/layermerging.pdf Graphic file (type pdf)
<use papers/BaldWhisper/images/layermerging.pdf>
Package pdftex.def Info: papers/BaldWhisper/images/layermerging.pdf  used on in
put line 26.
(pdftex.def)             Requested size: 336.0pt x 231.00902pt.

Overfull \vbox (6.51149pt too high) has occurred while \output is active []


[72 <./papers/BaldWhisper/images/layermerging.pdf>]
<papers/BaldWhisper/images/headshearing.pdf, id=3472, 896.05345pt x 676.29874pt
>
File: papers/BaldWhisper/images/headshearing.pdf Graphic file (type pdf)
<use papers/BaldWhisper/images/headshearing.pdf>
Package pdftex.def Info: papers/BaldWhisper/images/headshearing.pdf  used on in
put line 53.
(pdftex.def)             Requested size: 336.0pt x 253.60107pt.

Overfull \vbox (6.51149pt too high) has occurred while \output is active []


[73]
Overfull \vbox (6.51149pt too high) has occurred while \output is active []


[74 <./papers/BaldWhisper/images/headshearing.pdf>]
Overfull \vbox (6.51149pt too high) has occurred while \output is active []


[75]
Overfull \vbox (6.51149pt too high) has occurred while \output is active []


[76]
<papers/BaldWhisper/images/isoloss_wer_plot.pdf, id=3825, 852.65555pt x 671.833
15pt>
File: papers/BaldWhisper/images/isoloss_wer_plot.pdf Graphic file (type pdf)
<use papers/BaldWhisper/images/isoloss_wer_plot.pdf>
Package pdftex.def Info: papers/BaldWhisper/images/isoloss_wer_plot.pdf  used o
n input line 145.
(pdftex.def)             Requested size: 302.39795pt x 238.27177pt.
<papers/BaldWhisper/images/layer_similaritues.pdf, id=3827, 362.96716pt x 315.8
3257pt>
File: papers/BaldWhisper/images/layer_similaritues.pdf Graphic file (type pdf)
<use papers/BaldWhisper/images/layer_similaritues.pdf>
Package pdftex.def Info: papers/BaldWhisper/images/layer_similaritues.pdf  used
 on input line 155.
(pdftex.def)             Requested size: 302.39795pt x 263.14816pt.

Overfull \vbox (6.51149pt too high) has occurred while \output is active []


[77 <./papers/BaldWhisper/images/isoloss_wer_plot.pdf>]
<figures/baldqwen.jpg, id=3858, 1204.5pt x 866.23625pt>
File: figures/baldqwen.jpg Graphic file (type jpg)
<use figures/baldqwen.jpg>
Package pdftex.def Info: figures/baldqwen.jpg  used on input line 207.
(pdftex.def)             Requested size: 336.0pt x 241.63248pt.

Overfull \vbox (6.51149pt too high) has occurred while \output is active []


[78 <./papers/BaldWhisper/images/layer_similaritues.pdf>])
Overfull \vbox (6.51149pt too high) has occurred while \output is active []


[79 <./figures/baldqwen.jpg>]
Overfull \vbox (6.51149pt too high) has occurred while \output is active []


[80]
Overfull \vbox (6.51149pt too high) has occurred while \output is active []


[81




]
Overfull \vbox (6.51149pt too high) has occurred while \output is active []


[82]
\openout2 = `Chapters/Chapter04.aux'.

 (./Chapters/Chapter04.tex
Chapter 5.

Overfull \vbox (6.51149pt too high) has occurred while \output is active []


[83



]
Overfull \vbox (6.51149pt too high) has occurred while \output is active []


[84]
<papers/wolof_speech_lm/images/speech-pipeline.pdf, id=3962, 607.26875pt x 424.
86002pt>
File: papers/wolof_speech_lm/images/speech-pipeline.pdf Graphic file (type pdf)

<use papers/wolof_speech_lm/images/speech-pipeline.pdf>
Package pdftex.def Info: papers/wolof_speech_lm/images/speech-pipeline.pdf  use
d on input line 52.
(pdftex.def)             Requested size: 336.0pt x 235.07402pt.

Overfull \vbox (6.51149pt too high) has occurred while \output is active []


[85 <./papers/wolof_speech_lm/images/speech-pipeline.pdf>]
Overfull \vbox (6.51149pt too high) has occurred while \output is active []


[86]
<papers/wolof_speech_lm/images/oolel_speech.pdf, id=4278, 531.00145pt x 512.802
17pt>
File: papers/wolof_speech_lm/images/oolel_speech.pdf Graphic file (type pdf)
<use papers/wolof_speech_lm/images/oolel_speech.pdf>
Package pdftex.def Info: papers/wolof_speech_lm/images/oolel_speech.pdf  used o
n input line 133.
(pdftex.def)             Requested size: 336.0pt x 324.48335pt.

Overfull \vbox (6.51149pt too high) has occurred while \output is active []


[87]
Overfull \vbox (6.51149pt too high) has occurred while \output is active []


[88 <./papers/wolof_speech_lm/images/oolel_speech.pdf>]
Overfull \vbox (6.51149pt too high) has occurred while \output is active []


[89]
<papers/MRL/images/pipeline.pdf, id=4564, 1171.37625pt x 524.96124pt>
File: papers/MRL/images/pipeline.pdf Graphic file (type pdf)
<use papers/MRL/images/pipeline.pdf>
Package pdftex.def Info: papers/MRL/images/pipeline.pdf  used on input line 198
.
(pdftex.def)             Requested size: 336.0pt x 150.58475pt.

Overfull \vbox (6.51149pt too high) has occurred while \output is active []


[90 <./papers/MRL/images/pipeline.pdf>]
Overfull \vbox (6.51149pt too high) has occurred while \output is active []


[91]
<papers/MRL/images/models.pdf, id=4873, 2432.08624pt x 1685.29625pt>
File: papers/MRL/images/models.pdf Graphic file (type pdf)
<use papers/MRL/images/models.pdf>
Package pdftex.def Info: papers/MRL/images/models.pdf  used on input line 237.
(pdftex.def)             Requested size: 336.0pt x 232.8283pt.

Overfull \vbox (6.51149pt too high) has occurred while \output is active []


[92]
Overfull \vbox (6.51149pt too high) has occurred while \output is active []


[93 <./papers/MRL/images/models.pdf>]
Overfull \vbox (6.51149pt too high) has occurred while \output is active []


[94]
Overfull \vbox (6.51149pt too high) has occurred while \output is active []


[95]
<papers/MRL/images/energy_evolution.pdf, id=5050, 867.24pt x 578.16pt>
File: papers/MRL/images/energy_evolution.pdf Graphic file (type pdf)
<use papers/MRL/images/energy_evolution.pdf>
Package pdftex.def Info: papers/MRL/images/energy_evolution.pdf  used on input 
line 383.
(pdftex.def)             Requested size: 268.80103pt x 179.20128pt.
<papers/MRL/images/energy_100p.pdf, id=5051, 650.43pt x 578.16pt>
File: papers/MRL/images/energy_100p.pdf Graphic file (type pdf)
<use papers/MRL/images/energy_100p.pdf>
Package pdftex.def Info: papers/MRL/images/energy_100p.pdf  used on input line 
390.
(pdftex.def)             Requested size: 268.80103pt x 238.93504pt.
<papers/MRL/images/recall_vs_nshot.pdf, id=5052, 578.16pt x 578.16pt>
File: papers/MRL/images/recall_vs_nshot.pdf Graphic file (type pdf)
<use papers/MRL/images/recall_vs_nshot.pdf>
Package pdftex.def Info: papers/MRL/images/recall_vs_nshot.pdf  used on input l
ine 397.
(pdftex.def)             Requested size: 268.80103pt x 268.7975pt.

Overfull \vbox (6.51149pt too high) has occurred while \output is active []


[96]
Overfull \vbox (6.51149pt too high) has occurred while \output is active []


[97 <./papers/MRL/images/energy_evolution.pdf>]
<papers/MRL/images/costs.pdf, id=5078, 1734.48pt x 578.16pt>
File: papers/MRL/images/costs.pdf Graphic file (type pdf)
<use papers/MRL/images/costs.pdf>
Package pdftex.def Info: papers/MRL/images/costs.pdf  used on input line 426.
(pdftex.def)             Requested size: 336.0pt x 111.99529pt.

Overfull \vbox (6.51149pt too high) has occurred while \output is active []


[98 <./papers/MRL/images/energy_100p.pdf>]
Overfull \vbox (6.51149pt too high) has occurred while \output is active []


[99 <./papers/MRL/images/recall_vs_nshot.pdf> <./papers/MRL/images/costs.pdf>])

Overfull \vbox (6.51149pt too high) has occurred while \output is active []


[100]
Overfull \vbox (6.51149pt too high) has occurred while \output is active []


[101






]
Overfull \vbox (6.51149pt too high) has occurred while \output is active []


[102]
\openout2 = `Chapters/Chapter0A.aux'.

 (./Chapters/Chapter0A.tex
Appendix A.
(/usr/local/texlive/2026/texmf-dist/tex/latex/listings/lstlang1.sty
File: lstlang1.sty 2025/11/14 1.11b listings language file
))
Overfull \vbox (6.51149pt too high) has occurred while \output is active []


[103



]
Overfull \vbox (6.51149pt too high) has occurred while \output is active []


[104




]
\openout2 = `FrontBackmatter/Bibliography.aux'.

 (./FrontBackmatter/Bibliography.tex
Overfull \hbox (7.9356pt too wide) in paragraph at lines 18--18
[]\T1/pplj/m/n/10.95 (-20) Rishabh Agar-wal, Nino Vieil-lard, Yongchao Zhou, Pi
-otr Stanczyk,
 []


Overfull \vbox (6.51149pt too high) has occurred while \output is active []


[105



]
Overfull \hbox (38.5619pt too wide) in paragraph at lines 18--18
\T1/pplj/m/it/10.95 (-20) rep-re-sen-ta-tions for end-to-end speech recog-ni-ti
on\T1/pplj/m/n/10.95 (-20) . Preprint, arXiv:2110.04590.
 []


Overfull \vbox (6.51149pt too high) has occurred while \output is active []


[106]
Overfull \hbox (22.3179pt too wide) in paragraph at lines 18--18
[]\T1/pplj/m/n/10.95 (-20) Christopher Clark, Ken-ton Lee, Ming-Wei Chang, Tom 
Kwiatkowski,
 []


Overfull \hbox (0.81291pt too wide) in paragraph at lines 18--18
\T1/pplj/m/it/10.95 (-20) pris-ing dif-fi-culty of nat-u-ral yes/no ques-tions\
T1/pplj/m/n/10.95 (-20) . ArXiv, abs/1905.10044.
 []


Overfull \vbox (6.51149pt too high) has occurred while \output is active []


[107]
Overfull \hbox (20.06013pt too wide) in paragraph at lines 18--18
[]\T1/pplj/m/n/10.95 (-20) Jacob De-vlin, Ming-Wei Chang, Ken-ton Lee, and Kris
tina Toutanova.
 []


Overfull \hbox (24.01013pt too wide) in paragraph at lines 18--18
\T1/pplj/m/it/10.95 (-20) sis: Find-ing sparse, train-able neu-ral net-works\T1
/pplj/m/n/10.95 (-20) . Preprint, arXiv:1803.03635.
 []


Overfull \vbox (6.51149pt too high) has occurred while \output is active []


[108]
Overfull \hbox (2.35454pt too wide) in paragraph at lines 18--18
\T1/pplj/m/it/10.95 (-20) Distil-Whisper: Ro-bust Knowl-edge Dis-til-la-tion vi
a Large-Scale Pseudo
 []


Overfull \hbox (1.96042pt too wide) in paragraph at lines 18--18
[]\T1/pplj/m/n/10.95 (-20) Elodie Gau-thier, Lau-rent Be-sacier, Sylvie Voisin,
 Michael Melese,
 []


Overfull \hbox (24.95769pt too wide) in paragraph at lines 18--18
[]\T1/pplj/m/n/10.95 (-20) Elodie Gau-thier, Am-i-nata Ndi-aye, and Ab-doulaye 
Guissé. ^^P  Kallaama:
 []


Overfull \vbox (6.51149pt too high) has occurred while \output is active []


[109]
Overfull \hbox (5.74472pt too wide) in paragraph at lines 18--18
\T1/pplj/m/n/10.95 (-20) and Di-verse Dataset for Speech Gen-er-a-tion.^^Q In: 
\T1/pplj/m/it/10.95 (-20) arXiv:2501.15907\T1/pplj/m/n/10.95 (-20) .
 []


Overfull \hbox (13.82545pt too wide) in paragraph at lines 18--18
[]\T1/pplj/m/n/10.95 (-20) Cheng-Yu Hsieh, Chun-Liang Li, Chih-Kuan Yeh, Hootan
 Nakhost,
 []


Overfull \vbox (6.51149pt too high) has occurred while \output is active []


[110]
Overfull \hbox (36.47762pt too wide) in paragraph at lines 18--18
[]\T1/pplj/m/n/10.95 (-20) Albert Q. Jiang et al. \T1/pplj/m/it/10.95 (-20) Mix
-tral of Ex-perts\T1/pplj/m/n/10.95 (-20) . arXiv preprint; ArXiv:2401.04088
 []


Overfull \vbox (6.51149pt too high) has occurred while \output is active []


[111]
Overfull \hbox (10.97185pt too wide) in paragraph at lines 18--18
\T1/pplj/m/n/10.95 (-20) ski. \T1/pplj/m/it/10.95 (-20) Mea-sur-ing the in-trin
-sic di-men-sion of ob-jec-tive land-scapes\T1/pplj/m/n/10.95 (-20) . Preprint,

 []


Overfull \vbox (6.51149pt too high) has occurred while \output is active []


[112]
Overfull \vbox (6.51149pt too high) has occurred while \output is active []


[113]
Overfull \vbox (6.51149pt too high) has occurred while \output is active []


[114]
Overfull \hbox (4.53384pt too wide) in paragraph at lines 18--18
[]\T1/pplj/m/n/10.95 (-20) Oriol Par-eras, Ger-ard I. Gál-lego, Fed-erico Costa
, Cristina España-
 []


Overfull \vbox (6.51149pt too high) has occurred while \output is active []


[115]
Overfull \vbox (6.51149pt too high) has occurred while \output is active []


[116]
Overfull \hbox (1.21669pt too wide) in paragraph at lines 18--18
[]\T1/pplj/m/n/10.95 (-20) Steffen Schnei-der, Alexei Baevski, Ro-nan Col-lober
t, and Michael
 []


Overfull \vbox (6.51149pt too high) has occurred while \output is active []


[117]
Overfull \hbox (22.16492pt too wide) in paragraph at lines 18--18
[]\T1/pplj/m/n/10.95 (-20) Omkar Thawakar, Ash-mal Vayani, Salman Khan, Hisham 
Cholakkal,
 []


Overfull \hbox (7.48544pt too wide) in paragraph at lines 18--18
\T1/pplj/m/it/10.95 (-20) rate and lightweight fully trans-par-ent gpt\T1/pplj/
m/n/10.95 (-20) . Preprint, arXiv:2402.16840.
 []


Overfull \vbox (6.51149pt too high) has occurred while \output is active []


[118]
Overfull \hbox (4.41325pt too wide) in paragraph at lines 18--18
\T1/pplj/m/n/10.95 (-20) Damai Dai. \T1/pplj/m/it/10.95 (-20) Auxiliary-Loss-Fr
ee Load Bal-anc-ing Strat-egy for Mixture-
 []


Overfull \hbox (12.51692pt too wide) in paragraph at lines 18--18
\T1/pplj/m/it/10.95 (-20) large lan-guage model in-te-gra-tion\T1/pplj/m/n/10.9
5 (-20) . 2023. arXiv: [][]$\T1/fvm/m/n/10.95 2 3 0 7  . 0 3 9 1 7 $ [eess.AS][
][]\T1/pplj/m/n/10.95 (-20) .
 []


Overfull \vbox (6.51149pt too high) has occurred while \output is active []


[119]
Overfull \hbox (6.24423pt too wide) in paragraph at lines 18--18
\T1/pplj/m/n/10.95 (-20) with Large Lan-guage Mod-els.^^Q In: \T1/pplj/m/it/10.
95 (-20) arXiv preprint arXiv:2308.01825
 []


Overfull \vbox (6.51149pt too high) has occurred while \output is active []


[120]
Overfull \hbox (24.7478pt too wide) in paragraph at lines 18--18
[]\T1/pplj/m/n/10.95 (-20) Biao Zhang, Lixin Chen, Tong Liu, and Bo Zheng. ^^P 
 SMEC:Rethinking
 []


Overfull \vbox (6.51149pt too high) has occurred while \output is active []


[121]
Overfull \hbox (36.50293pt too wide) in paragraph at lines 18--18
[]\T1/pplj/m/n/10.95 (-20) Gemma Team et al. \T1/pplj/m/it/10.95 (-20) Gemma 3 
Tech-ni-cal Re-port\T1/pplj/m/n/10.95 (-20) . Preprint, arXiv:2503.19786.
 []

)
Overfull \vbox (6.51149pt too high) has occurred while \output is active []


[122]
\openout2 = `FrontBackmatter/Declaration.aux'.

 (./FrontBackmatter/Declaration.tex)
Overfull \vbox (6.51149pt too high) has occurred while \output is active []


[123







]
Overfull \vbox (6.51149pt too high) has occurred while \output is active []


[124




]
\openout2 = `FrontBackmatter/Colophon.aux'.

 (./FrontBackmatter/Colophon.tex)
Overfull \vbox (6.51149pt too high) has occurred while \output is active []


[125

] (./ClassicThesis.aux (./FrontBackmatter/DirtyTitlepage.aux)
(./FrontBackmatter/Titlepage.aux) (./FrontBackmatter/Titleback.aux)
(./FrontBackmatter/Dedication.aux) (./FrontBackmatter/Abstract.aux)
(./FrontBackmatter/Publications.aux) (./FrontBackmatter/Acknowledgments.aux)
(./FrontBackmatter/Contents.aux) (./Chapters/Chapter01.aux)
(./Chapters/Chapter02_EfficientLanguageModels.aux) (./Chapters/Chapter02.aux)
(./Chapters/Chapter03.aux) (./Chapters/Chapter04.aux) (./Chapters/Chapter0A.aux
) (./FrontBackmatter/Bibliography.aux) (./FrontBackmatter/Declaration.aux)
(./FrontBackmatter/Colophon.aux))
 ***********
LaTeX2e <2025-11-01>
L3 programming layer <2026-01-19>
 ***********


 *File List*
 silence.sty    2012/07/02 v1.5b Selective filtering of warnings and error mess
ages
scrreprt.cls    2026/02/02 v3.49.2 KOMA-Script document class (report)
scrkbase.sty    2026/02/02 v3.49.2 KOMA-Script package (KOMA-Script-dependent b
asics and keyval usage)
 scrbase.sty    2026/02/02 v3.49.2 KOMA-Script package (KOMA-Script-independent
 basics and keyval usage)
scrlfile.sty    2026/02/02 v3.49.2 KOMA-Script package (file load hooks)
scrlfile-hook.sty    2026/02/02 v3.49.2 KOMA-Script package (using LaTeX hooks)

 scrlogo.sty    2026/02/02 v3.49.2 KOMA-Script package (logo)
  keyval.sty    2022/05/29 v1.15 key=value parser (DPC)
tocbasic.sty    2026/02/02 v3.49.2 KOMA-Script package (handling toc-files)
scrsize11pt.clo    2026/02/02 v3.49.2 KOMA-Script font size class option (11pt)

typearea.sty    2026/02/02 v3.49.2 KOMA-Script package (type area)
classicthesis-config.tex
inputenc.sty    2024/02/08 v1.3d Input encoding file
 fontenc.sty    2025/07/18 v2.1d Standard LaTeX package
   babel.sty    2026/03/08 v26.4 The multilingual framework for LuaLaTeX, pdfLa
TeX and XeLaTeX
babel-ngerman.tex
babel-american.tex
 ngerman.ldf    
american.ldf    2017/06/06 v3.3r English support from the babel system
csquotes.sty    2024-04-04 v5.2o context-sensitive quotations (JAW)
etoolbox.sty    2025/10/02 v2.5m e-TeX tools for LaTeX (JAW)
csquotes.def    2024-04-04 v5.2o csquotes generic definitions (JAW)
csquotes.cfg    
biblatex.sty    2025/07/10 v3.21 programmable bibliographies (PK/MW)
pdftexcmds.sty    2020-06-27 v0.33 Utility functions of pdfTeX for LuaTeX (HO)
infwarerr.sty    2019/12/03 v1.5 Providing info/warning/error messages (HO)
   iftex.sty    2024/12/12 v1.0g TeX engine tests
 ltxcmds.sty    2023-12-04 v1.26 LaTeX kernel commands for general use (HO)
kvoptions.sty    2022-06-15 v3.15 Key value format for package options (HO)
kvsetkeys.sty    2022-10-05 v1.19 Key value parser (HO)
  logreq.sty    2010/08/04 v1.0 xml request logger
  logreq.def    2010/08/04 v1.0 logreq spec v1.0
  ifthen.sty    2024/03/16 v1.1e Standard LaTeX ifthen package (DPC)
     url.sty    2013/09/16  ver 3.4  Verb mode for urls, etc.
  blx-dm.def    2025/07/10 v3.21 biblatex datamodel (PK/MW)
blx-compat.def    2025/07/10 v3.21 biblatex compatibility (PK/MW)
blx-bibtex.def    2025/07/10 v3.21 biblatex compatibility (PK/MW)
biblatex.def    2025/07/10 v3.21 biblatex compatibility (PK/MW)
blx-natbib.def    2025/07/10 v3.21 biblatex compatibility (PK/MW)
standard.bbx    2025/07/10 v3.21 biblatex bibliography style (PK/MW)
 numeric.bbx    2025/07/10 v3.21 biblatex bibliography style (PK/MW)
numeric-comp.bbx    2025/07/10 v3.21 biblatex bibliography style (PK/MW)
numeric-comp.cbx    2025/07/10 v3.21 biblatex citation style (PK/MW)
biblatex.cfg    
   expl3.sty    2026-01-19 L3 programming layer (loader) 
l3backend-pdftex.def    2025-10-09 L3 backend support: PDF output (pdfTeX)
blx-case-expl3.sty    2025/07/10 v3.21 expl3 case changing code for biblatex
  xparse.sty    2025-10-09 L3 Experimental document command parser
 amsmath.sty    2025/07/09 v2.17z AMS math features
 amstext.sty    2024/11/17 v2.01 AMS text
  amsgen.sty    1999/11/30 v2.0 generic functions
  amsbsy.sty    1999/11/29 v1.2d Bold Symbols
  amsopn.sty    2022/04/08 v2.04 operator names
graphicx.sty    2024/12/31 v1.2e Enhanced LaTeX Graphics (DPC,SPQR)
graphics.sty    2024/08/06 v1.4g Standard LaTeX Graphics (DPC,SPQR)
    trig.sty    2023/12/02 v1.11 sin cos tan (DPC)
graphics.cfg    2016/06/04 v1.11 sample graphics configuration
  pdftex.def    2025/09/29 v1.2d Graphics/color driver for pdftex
    tikz.sty    2025-08-29 v3.1.11a (3.1.11a)
     pgf.sty    2025-08-29 v3.1.11a (3.1.11a)
  pgfrcs.sty    2025-08-29 v3.1.11a (3.1.11a)
pgfrcs.code.tex
 pgfcore.sty    2025-08-29 v3.1.11a (3.1.11a)
  pgfsys.sty    2025-08-29 v3.1.11a (3.1.11a)
pgfsys.code.tex
pgfsyssoftpath.code.tex    2025-08-29 v3.1.11a (3.1.11a)
pgfsysprotocol.code.tex    2025-08-29 v3.1.11a (3.1.11a)
  xcolor.sty    2024/09/29 v3.02 LaTeX color extensions (UK)
   color.cfg    2016/01/02 v1.6 sample color configuration
mathcolor.ltx
dvipsnam.def    2016/06/17 v3.0m Driver-dependent file (DPC,SPQR)
pgfcore.code.tex
pgfcomp-version-0-65.sty    2025-08-29 v3.1.11a (3.1.11a)
pgfcomp-version-1-18.sty    2025-08-29 v3.1.11a (3.1.11a)
  pgffor.sty    2025-08-29 v3.1.11a (3.1.11a)
 pgfkeys.sty    
pgfkeys.code.tex
 pgfmath.sty    
pgfmath.code.tex
pgffor.code.tex
tikz.code.tex
pgfplots.sty    2025/08/14 v1.18.2 Data Visualization (1.18.2)
  pifont.sty    2020/03/25 PSNFSS-v9.3 Pi font support (SPQR) 
    upzd.fd    2001/06/04 font definitions for U/pzd.
    upsy.fd    2001/06/04 font definitions for U/psy.
 scrhack.sty    2024-09-04 v3.42 scrhack emulation package
  xspace.sty    2014/10/28 v1.13 Space after command names (DPC,MH)
 acronym.sty    2025/01/17 v1.50 Support for acronyms (Tobias Oetiker)
  suffix.sty    2006/07/15 1.5a Variant command support
 xstring.sty    2023/08/22 v1.86 String manipulations (CT)
 relsize.sty    2013/03/29 ver 4.1
tabularx.sty    2023/12/11 v2.12a `tabularx' package (DPC)
   array.sty    2025/09/25 v2.6n Tabular extension package (FMi)
multirow.sty    2024/11/12 v2.9 Span multiple rows of a table
algorithm2e.sty    2017/07/18 v5.2 algorithms environments
ifoddpage.sty    2022/10/18 v1.2 Conditionals for odd/even page detection
  subfig.sty    2005/06/28 ver: 1.3 subfig package
 caption.sty    2023/08/05 v3.6o Customizing captions (AR)
caption3.sty    2023/07/31 v2.4d caption3 kernel (AR)
listings.sty    2025/11/14 1.11b (Carsten Heinz)
lstpatch.sty    2025/11/14 1.11b (Carsten Heinz)
 lstmisc.sty    2025/11/14 1.11b (Carsten Heinz)
listings.cfg    2025/11/14 1.11b listings configuration
lstlang1.sty    2025/11/14 1.11b listings language file
lstlang2.sty    2025/11/14 1.11b listings language file
lstlang3.sty    2025/11/14 1.11b listings language file
lstlang1.sty    2025/11/14 1.11b listings language file
lstlang2.sty    2025/11/14 1.11b listings language file
lstlang3.sty    2025/11/14 1.11b listings language file
lstlang1.sty    2025/11/14 1.11b listings language file
lstlang2.sty    2025/11/14 1.11b listings language file
lstlang3.sty    2025/11/14 1.11b listings language file
 lstmisc.sty    2025/11/14 1.11b (Carsten Heinz)
classicthesis.sty    2025/02/02 v4.8 Typographic style for a classic-looking th
esis
   ifpdf.sty    2019/10/25 v3.4 ifpdf legacy package. Use iftex instead.
 ifxetex.sty    2019/10/25 v0.7 ifxetex legacy package. Use iftex instead.
ifluatex.sty    2019/10/25 v1.5 ifluatex legacy package. Use iftex instead.
mathpazo.sty    2020/03/25 PSNFSS-v9.3 Palatino w/ Pazo Math (D.Puga, WaS) 
beramono.sty    2004/01/31 (WaS)
  t1pplj.fd    2004/09/06 font definitions for T1/pplj.
microtype.sty    2026/03/01 v3.2d Micro-typographical refinements (RS)
microtype-pdftex.def    2026/03/01 v3.2d Definitions specific to pdftex (RS)
microtype.cfg    2026/03/01 v3.2d microtype main configuration file (RS)
mparhack.sty    2021-05-02 v1.5 (T. Sgouros and S. Ulrich)
booktabs.sty    2020/01/12 v1.61803398 Publication quality tables
textcase.sty    2025/02/16 v1.05 Text only upper/lower case changing (DPC)
scrlayer-scrpage.sty    2026/02/02 v3.49.2 KOMA-Script package (end user interf
ace for scrlayer)
scrlayer.sty    2026/02/02 v3.49.2 KOMA-Script package (defining layers and pag
e styles)
titlesec.sty    2025/01/04 v2.17 Sectioning titles
 tocloft.sty    2017/08/31 v2.3i parameterised ToC, etc., typesetting
 scrtime.sty    2026/02/02 v3.49.2 KOMA-Script package (time of LaTeX run)
prelim2e.sty    2020/11/24 v2.0 prelim2e Package
hyperref.sty    2026-01-29 v7.01p Hypertext links for LaTeX
kvdefinekeys.sty    2019-12-19 v1.6 Define keys (HO)
pdfescape.sty    2019/12/09 v1.15 Implements pdfTeX's escape features (HO)
 hycolor.sty    2020-01-27 v1.10 Color options for hyperref/bookmark (HO)
 nameref.sty    2026-01-29 v2.58 Cross-referencing by name of section
refcount.sty    2019/12/15 v3.6 Data extraction from label references (HO)
gettitlestring.sty    2019/12/15 v1.6 Cleanup title references (HO)
stringenc.sty    2019/11/29 v1.12 Convert strings between diff. encodings (HO)
  pd1enc.def    2026-01-29 v7.01p Hyperref: PDFDocEncoding definition (HO)
 intcalc.sty    2019/12/15 v1.3 Expandable calculations with integers (HO)
   puenc.def    2026-01-29 v7.01p Hyperref: PDF Unicode definition (HO)
  bitset.sty    2019/12/09 v1.3 Handle bit-vector datatype (HO)
bigintcalc.sty    2019/12/15 v1.5 Expandable calculations on big integers (HO)
 hpdftex.def    2026-01-29 v7.01p Hyperref driver for pdfTeX
rerunfilecheck.sty    2025-06-21 v1.11 Rerun checks for auxiliary files (HO)
uniquecounter.sty    2019/12/15 v1.4 Provide unlimited unique counter (HO)
    xurl.sty    2022/01/09 v 0.10 modify URL breaks
tcolorbox.sty    2025/11/28 version 6.9.0 text color boxes
verbatim.sty    2024-01-22 v1.5x LaTeX2e package for verbatim enhancements
 environ.sty    2014/05/04 v0.3 A new way to define environments
trimspaces.sty    2009/09/17 v1.1 Trim spaces around a token list
tikzfill.image.sty    2023/08/08 v1.0.1 Image filling library for TikZ
tikzfill-common.sty    2023/08/08 v1.0.1 Auxiliary code for tikzfill
  pdfcol.sty    2022-09-21 v1.7 Handle new color stacks for pdfTeX (HO)
listingsutf8.sty    2019-12-10 v1.5 Allow UTF-8 in listings input (HO)
colortbl.sty    2024/10/29 v1.0k Color table columns (DPC)
bookmark.sty    2023-12-10 v1.31 PDF bookmarks (HO)
bkm-pdftex.def    2023-12-10 v1.31 bookmark driver for pdfTeX and luaTeX (HO)
 english.lbx    2025/07/10 v3.21 biblatex localization (PK/MW)
american.lbx    2025/07/10 v3.21 biblatex localization (PK/MW)
  german.lbx    2025/07/10 v3.21 biblatex localization (PK/MW)
 ngerman.lbx    2025/07/10 v3.21 biblatex localization (PK/MW)
ClassicThesis.bbl
ClassicThesis1-blx.bbl
supp-pdf.mkii
epstopdf-base.sty    2020-01-24 v2.11 Base part for package epstopdf
epstopdf-sys.cfg    2010/07/13 v1.3 Configuration of (r)epstopdf for TeX Live
  mt-ppl.cfg    2005/11/16 v1.6 microtype config. file: Palatino (RS)
FrontBackmatter/DirtyTitlepage.tex
 ot1pplx.fd    2004/09/06 font definitions for OT1/pplx.
 omlzplm.fd    2002/09/08 Fontinst v1.914 font definitions for OML/zplm.
 omszplm.fd    2002/09/08 Fontinst v1.914 font definitions for OMS/zplm.
 omxzplm.fd    2002/09/08 Fontinst v1.914 font definitions for OMX/zplm.
 ot1zplm.fd    2002/09/08 Fontinst v1.914 font definitions for OT1/zplm.
FrontBackmatter/Titlepage.tex
gfx/TFZsuperellipse_bw.pdf
FrontBackmatter/Titleback.tex
 ts1pplj.fd    2004/09/06 font definitions for TS1/pplj.
FrontBackmatter/Dedication.tex
FrontBackmatter/Abstract.tex
   t1fvm.fd    2004/09/07 scalable font definitions for T1/fvm.
FrontBackmatter/Publications.tex
FrontBackmatter/Acknowledgments.tex
FrontBackmatter/Contents.tex
Chapters/Chapter01.tex
figures/transformer.pdf
 ufplmbb.fd    2003/10/30 Fontinst v1.914 font definitions for U/fplmbb.
figures/embedding_parameter_ratio.pdf
figures/figure6_accuracy.png
figures/figure6_cross_entropy.png
figures/wei_emergent_abilities_figure.pdf
Chapters/Chapter02_EfficientLanguageModels.tex
figures/shearedllama.pdf
figures/switch_transformer_figure2.pdf
figures/loss_vs_log_params.pdf
figures/perp_vs_step.pdf
figures/fine_grained_moe_granularity_figure3a.pdf
figures/mixtral_expert_selection_domains.pdf
figures/nllb_moe_language_similarity_figure20.pdf
figures/olmoe_unicode/copyright.png
figures/olmoe_unicode/latin_l.png
figures/olmoe_unicode/latin_i.png
figures/olmoe_unicode/jarai_i.png
figures/olmoe_unicode/devanagari_virama.png
figures/olmoe_unicode/devanagari_e.png
figures/olmoe_unicode/devanagari_ka.png
figures/olmoe_unicode/cyrillic_sha.png
figures/olmoe_unicode/cyrillic_in.png
figures/olmoe_unicode/cyrillic_a.png
figures/olmoe_unicode/slovak_l.png
figures/olmoe_unicode/copyright.png
figures/olmoe_unicode/persian_j.png
figures/olmoe_unicode/dutch_ij.png
figures/olmoe_unicode/chinese_dot.png
figures/olmoe_unicode/japanese_no.png
figures/olmoe_unicode/devanagari_ra.png
figures/olmoe_unicode/devanagari_ka.png
figures/olmoe_unicode/devanagari_virama.png
figures/olmoe_unicode/devanagari_la.png
figures/longcat_flash_architecture.pdf
figures/key_value_memory_layer.pdf
lstlang1.sty    2025/11/14 1.11b listings language file
figures/ngram_embedding_layer.pdf
figures/mrl_figure1.pdf
figures/matformer_figure1.pdf
Chapters/Chapter02.tex
papers/lillama/overview.pdf
papers/lillama/stablerank_40p.pdf
papers/lillama/Teacher.pdf
papers/lillama/Student.pdf
papers/lillama/Teacher+Student.pdf
papers/lillama/strategies.pdf
papers/lillama/pseudo-code.pdf
papers/lillama/rank_acc-1.pdf
papers/lillama/w_wo_svd-2.pdf
papers/lillama/losses_convergence.pdf
Chapters/Chapter03.tex
papers/BaldWhisper/images/layermerging.pdf
papers/BaldWhisper/images/headshearing.pdf
papers/BaldWhisper/images/isoloss_wer_plot.pdf
papers/BaldWhisper/images/layer_similaritues.pdf
figures/baldqwen.jpg
Chapters/Chapter04.tex
papers/wolof_speech_lm/images/speech-pipeline.pdf
papers/wolof_speech_lm/images/oolel_speech.pdf
papers/MRL/images/pipeline.pdf
papers/MRL/images/models.pdf
papers/MRL/images/energy_evolution.pdf
papers/MRL/images/energy_100p.pdf
papers/MRL/images/recall_vs_nshot.pdf
papers/MRL/images/costs.pdf
Chapters/Chapter0A.tex
lstlang1.sty    2025/11/14 1.11b listings language file
FrontBackmatter/Bibliography.tex
FrontBackmatter/Declaration.tex
FrontBackmatter/Colophon.tex
 ***********


LaTeX Warning: There were undefined references.

Package logreq Info: Writing requests to 'ClassicThesis.run.xml'.
\openout1 = `ClassicThesis.run.xml'.

 ) 
Here is how much of TeX's memory you used:
 64915 strings out of 467525
 1494097 string characters out of 5418983
 3037617 words of memory out of 5000000
 90476 multiletter control sequences out of 15000+600000
 846023 words of font info for 1387 fonts, out of 8000000 for 9000
 1143 hyphenation exceptions out of 8191
 108i,23n,129p,11216b,3369s stack positions out of 10000i,1000n,20000p,200000b,200000s
</usr/local/texlive/2026/texmf-dist/fonts/type1/public/amsfonts/cm/cmex10.pfb
></usr/local/texlive/2026/texmf-dist/fonts/type1/public/amsfonts/cm/cmmi10.pfb>
</usr/local/texlive/2026/texmf-dist/fonts/type1/public/amsfonts/cm/cmr10.pfb></
usr/local/texlive/2026/texmf-dist/fonts/type1/public/amsfonts/cm/cmsy10.pfb></u
sr/local/texlive/2026/texmf-dist/fonts/type1/public/fpl/fplbj8a.pfb></usr/local
/texlive/2026/texmf-dist/fonts/type1/public/mathpazo/fplmbb.pfb></usr/local/tex
live/2026/texmf-dist/fonts/type1/public/mathpazo/fplmr.pfb></usr/local/texlive/
2026/texmf-dist/fonts/type1/public/mathpazo/fplmri.pfb></usr/local/texlive/2026
/texmf-dist/fonts/type1/public/fpl/fplrc8a.pfb></usr/local/texlive/2026/texmf-d
ist/fonts/type1/public/fpl/fplrij8a.pfb></usr/local/texlive/2026/texmf-dist/fon
ts/type1/public/bera/fvmb8a.pfb></usr/local/texlive/2026/texmf-dist/fonts/type1
/public/bera/fvmr8a.pfb></usr/local/texlive/2026/texmf-dist/fonts/type1/public/
bera/fvmro8a.pfb></usr/local/texlive/2026/texmf-dist/fonts/type1/public/lm/lmbx
9.pfb></usr/local/texlive/2026/texmf-dist/fonts/type1/public/lm/lmr10.pfb></usr
/local/texlive/2026/texmf-dist/fonts/type1/public/lm/lmr6.pfb></usr/local/texli
ve/2026/texmf-dist/fonts/type1/public/lm/lmr8.pfb></usr/local/texlive/2026/texm
f-dist/fonts/type1/public/lm/lmr9.pfb></usr/local/texlive/2026/texmf-dist/fonts
/type1/urw/palatino/uplb8a.pfb></usr/local/texlive/2026/texmf-dist/fonts/type1/
urw/palatino/uplr8a.pfb></usr/local/texlive/2026/texmf-dist/fonts/type1/urw/pal
atino/uplri8a.pfb></usr/local/texlive/2026/texmf-dist/fonts/type1/urw/zapfding/
uzdr.pfb>
Output written on ClassicThesis.pdf (149 pages, 4184395 bytes).
PDF statistics:
 6100 PDF objects out of 6186 (max. 8388607)
 4096 compressed objects within 41 object streams
 700 named destinations out of 1000 (max. 500000)
 207687 words of extra memory for PDF output out of 221844 (max. 10000000)

